DateTime,value
2015/02/09,28.63
2015/02/10,28.75
2015/02/11,25.569060692273847
2015/02/12,24.41676571331955
2015/02/13,23.41
2015/02/16,21.71645678456776
2015/02/17,22.36985413284326
2015/02/25,26.33
2015/02/26,26.1
2015/02/27,27.04
2015/03/02,28.05
2015/03/03,28.45
2015/03/04,27.68
2015/03/05,26.67
2015/03/06,26.47
2015/03/09,27.22
2015/03/10,23.44585875427108
2015/03/11,22.997586046133627
2015/03/12,25.93
2015/03/13,25.01
2015/03/16,22.047468345885697
2015/03/17,22.49110772007652
2015/03/18,22.22722739314917
2015/03/19,27.3
2015/03/20,23.806137751607096
2015/03/23,28.76
2015/03/24,30.67
2015/03/25,27.53282844905992
2015/03/26,12.981740652782134
2015/03/27,29.28
2015/03/30,14.523717023290292
2015/03/31,25.857268527883686
2015/04/01,27.52673041896437
2015/04/02,29.222137321574166
2015/04/03,31.17
2015/04/07,29.51
2015/04/08,29.31582520286741
2015/04/09,35.06
2015/04/10,33.41
2015/04/13,34.41114125157739
2015/04/14,36.762217119409385
2015/04/15,40.13
2015/04/16,37.36
2015/04/17,41.57
2015/04/20,47.75
2015/04/21,46.9
2015/04/22,44.28
2015/04/23,44.72
2015/04/24,45.65
2015/04/27,44.88702356663942
2015/04/28,46.59
2015/04/29,45.686196588926855
2015/04/30,46.18072100854009
2015/05/04,41.96064657226558
2015/05/05,41.336847923447976
2015/05/06,41.48270193718265
2015/05/07,42.4697228335684
2015/05/08,44.97
2015/05/11,45.78
2015/05/12,45.97
2015/05/13,46.03
2015/05/14,44.96
2015/05/15,41.44
2015/05/18,37.48
2015/05/19,34.82169746677825
2015/05/20,37.4676807044076
2015/05/21,38.02654102335085
2015/05/22,43.01
2015/05/25,41.12887359262732
2015/05/26,41.851927017928006
2015/05/27,46.91
2015/05/28,23.990910853920045
2015/05/29,47.29
2015/06/01,42.17196870903695
2015/06/02,43.04714531045168
2015/06/03,43.32952773186
2015/06/04,41.84361007034817
2015/06/05,41.97816590358708
2015/06/08,38.4333006731911
2015/06/09,42.93660299055543
2015/06/10,48.07
2015/06/11,45.13202429377646
2015/06/12,49.76
2015/06/15,43.5114450441199
2015/06/16,42.47774459552839
2015/06/17,42.47529262873272
2015/06/18,47.08
2015/06/19,42.472999835554376
2015/06/23,48.45701517076784
2015/06/24,48.49690559174446
2015/06/25,47.42
2015/06/26,60.5888712633343
2015/06/29,20.239479891787816
2015/06/30,25.81522422905837
2015/07/01,53.324619763898205
2015/07/02,57.54
2015/07/03,52.015452850646085
2015/07/06,56.84798040564903
2015/07/07,52.06380887977188
2015/07/08,48.25657936456684
2015/07/09,52.18205695485915
2015/07/10,54.02
2015/07/13,50.33807354986285
2015/07/14,46.61846942502769
2015/07/15,42.49745622719286
2015/07/16,41.63
2015/07/17,37.16697223833086
2015/07/20,36.49659071043235
2015/07/21,36.55504497235631
2015/07/22,31.466574388059747
2015/07/23,32.98
2015/07/24,33.09
2015/07/27,42.6652009449695
2015/07/28,39.52
2015/07/29,41.79
2015/07/30,47.39082073116544
2015/07/31,46.86302369627764
2015/08/03,37.60080873890202
2015/08/04,37.47273627398119
2015/08/05,37.4319973712129
2015/08/06,38.69524788159781
2015/08/07,38.09722209641168
2015/08/10,38.05889737214849
2015/08/11,40.18
2015/08/12,37.28822056000399
2015/08/13,39.61
2015/08/14,37.10583624153215
2015/08/17,37.14379812169394
2015/08/18,39.07
2015/08/19,34.70799210281192
2015/08/20,34.220147360525026
2015/08/21,35.2
2015/08/24,35.61
2015/08/25,40.80912441796914
2015/08/26,59.09777643667768
2015/08/27,18.05650223925099
2015/08/28,33.67281243079529
2015/08/31,41.89972868972416
2015/09/01,59.37534920031673
2015/09/02,60.88
2015/09/07,59.49
2015/09/08,47.98
2015/09/09,42.61087493727933
2015/09/10,41.78
2015/09/11,37.9494665836462
2015/09/14,39.3541484472068
2015/09/15,41.503471385680896
2015/09/16,41.34
2015/09/17,38.01702543823028
2015/09/18,40.19
2015/09/21,37.05609121048508
2015/09/22,37.17
2015/09/23,35.35742913744132
2015/09/24,36.99471268260145
2015/09/25,33.25770597189598
2015/09/28,31.93
2015/09/29,29.652676080675903
2015/09/30,30.65
2015/10/08,28.424041066759248
2015/10/09,26.910700192062407
2015/10/12,30.07
2015/10/13,31.95
2015/10/14,28.545950715684764
2015/10/15,29.66
2015/10/16,29.26
2015/10/19,27.26201848702734
2015/10/20,27.922891939674955
2015/10/21,29.54108710920891
2015/10/22,28.86189536276439
2015/10/23,27.89126685242217
2015/10/26,32.39
2015/10/27,30.86
2015/10/28,31.72
2015/10/29,31.76
2015/10/30,28.96
2015/11/02,29.84
2015/11/03,27.260487623650352
2015/11/04,27.03646556554884
2015/11/05,29.50031755281362
2015/11/06,29.827195634445587
2015/11/09,39.40695703993772
2015/11/10,40.55096974515901
2015/11/11,37.182189682364005
2015/11/12,36.1947408587185
2015/11/13,37.74
2015/11/16,38.37
2015/11/17,35.3213293835042
2015/11/18,37.03
2015/11/19,35.99
2015/11/20,31.57506455660896
2015/11/23,30.747021487055093
2015/11/24,31.83
2015/11/25,32.28
2015/11/26,26.55228012368568
2015/11/27,34.58
2015/11/30,4.813893081264245
2015/12/01,33.73
2015/12/02,32.45
2015/12/03,29.84469404403333
2015/12/04,32.49
2015/12/07,28.741632018182
2015/12/08,28.478351913245582
2015/12/09,28.16590257626808
2015/12/10,27.90386526598182
2015/12/11,30.77
2015/12/14,28.00405150317844
2015/12/15,30.47
2015/12/16,30.28
2015/12/17,26.327912575877825
2015/12/18,26.08
2015/12/21,23.8878456248938
2015/12/22,25.1998286884001
2015/12/23,24.17237638438378
2015/12/24,25.96867956786842
2015/12/25,24.489289828048022
2015/12/28,35.009258278197194
2015/12/29,27.28
2015/12/30,27.46
2015/12/31,27.95
2016/01/04,33.44
2016/01/05,32.18
2016/01/06,31.51
2016/01/07,23.33
2016/01/08,31.972806783403733
2016/01/11,29.86760961355175
2016/01/12,35.91
2016/01/13,34.72
2016/01/14,34.28214441989862
2016/01/15,31.601255041933303
2016/01/18,37.24
2016/01/19,33.86365659162276
2016/01/20,33.205236428007034
2016/01/21,35.12
2016/01/22,31.5132685568854
2016/01/25,34.74
2016/01/26,32.02
2016/01/27,34.93661147424304
2016/01/28,37.67
2016/01/29,38.95
2016/02/01,32.84329620318141
2016/02/02,35.14
2016/02/03,34.8
2016/02/04,34.52
2016/02/05,32.01237193282977
2016/02/15,34.00556270641118
2016/02/16,36.65
2016/02/17,32.347177815002695
2016/02/18,33.79
2016/02/19,32.22
2016/02/22,31.44
2016/02/23,29.384164029767657
2016/02/24,29.403954090983387
2016/02/25,23.299895634909685
2016/02/26,32.53
2016/02/29,21.588566540897965
2016/03/01,31.51
2016/03/02,29.370538350289475
2016/03/03,29.89999690334804
2016/03/04,33.01
2016/03/07,33.82
2016/03/08,30.34952264208671
2016/03/09,30.29784839394498
2016/03/10,30.374226316183368
2016/03/11,30.3454538181482
2016/03/14,30.011191324089108
2016/03/15,29.450252924653057
2016/03/16,28.83981561614264
2016/03/17,31.25
2016/03/18,28.4891118621218
2016/03/21,28.686140931201138
2016/03/22,30.281503428656062
2016/03/23,34.04
2016/03/24,32.9
2016/03/25,30.98
2016/03/28,31.1
2016/03/29,16.772900549921836
2016/03/30,30.87
2016/03/31,15.402702107310798
2016/04/01,27.29568542867845
2016/04/05,30.19
2016/04/06,29.96
2016/04/07,25.614890742091795
2016/04/08,27.66
2016/04/11,24.255370223810964
2016/04/12,23.51630642670848
2016/04/13,23.339134481445008
2016/04/14,22.80957997279255
2016/04/15,22.83997064180297
2016/04/18,23.0582465056115
2016/04/19,25.49
2016/04/20,25.62
2016/04/21,25.05
2016/04/22,24.52
2016/04/25,22.035318532695506
2016/04/26,25.53
2016/04/27,25.47
2016/04/28,24.4
2016/04/29,25.561048843505446
2016/05/03,23.41
2016/05/04,20.036914750086908
2016/05/05,19.74423543289208
2016/05/06,23.49
2016/05/09,23.11781084259984
2016/05/10,21.977281834167623
2016/05/11,23.47
2016/05/12,23.45
2016/05/13,20.025020220174763
2016/05/16,22.5
2016/05/17,19.29737654879459
2016/05/18,22.13
2016/05/19,18.59716559700923
2016/05/20,17.807575154807665
2016/05/23,17.057207111795176
2016/05/24,19.64
2016/05/25,20.28
2016/05/26,18.9
2016/05/27,18.37
2016/05/30,18.57
2016/05/31,21.51
2016/06/01,20.86
2016/06/02,20.69
2016/06/03,20.79
2016/06/06,18.105430470794616
2016/06/07,17.940146488587942
2016/06/08,21.01
2016/06/13,23.06
2016/06/14,18.986638961751527
2016/06/15,19.7
2016/06/16,16.553383360490624
2016/06/17,15.988495180818427
2016/06/20,19.33
2016/06/21,16.634990714968957
2016/06/22,19.84
2016/06/23,20.34
2016/06/24,20.71
2016/06/27,9.078448971301816
2016/06/28,19.67
2016/06/29,5.337508418755706
2016/06/30,8.522963550408576
2016/07/01,15.406312632182448
2016/07/04,18.27
2016/07/05,15.831463959250078
2016/07/06,18.65
2016/07/07,19.3
2016/07/08,16.44702625487337
2016/07/11,16.21064087480668
2016/07/12,15.895855980479364
2016/07/13,16.986343922522682
2016/07/14,16.778286476728162
2016/07/15,16.857780962509946
2016/07/18,17.57944635540534
2016/07/19,17.54516889342329
2016/07/20,17.514028571130783
2016/07/21,20.27
2016/07/22,20.0
2016/07/25,19.87
2016/07/26,16.490325518145625
2016/07/27,17.291665075089774
2016/07/28,17.765739927461848
2016/07/29,17.801193931064738
2016/08/01,18.76
2016/08/02,18.29
2016/08/03,17.84
2016/08/04,17.45
2016/08/05,17.11
2016/08/08,14.493156584833804
2016/08/09,14.057950183030202
2016/08/10,14.094766121916638
2016/08/11,14.226193915319795
2016/08/12,14.250381652372225
2016/08/15,16.4517442241081
2016/08/16,16.63434586884673
2016/08/17,16.829638032374792
2016/08/18,19.48
2016/08/19,17.11343273794541
2016/08/22,17.403261545990187
2016/08/23,17.03461571965982
2016/08/24,19.47
2016/08/25,17.869360642477844
2016/08/26,17.48771440591738
2016/08/29,12.484893782528298
2016/08/30,20.1
2016/08/31,13.438596635467478
2016/09/01,17.714972852582644
2016/09/02,20.38
2016/09/05,17.55445489166549
2016/09/06,17.38669810095546
2016/09/07,17.398177798581695
2016/09/08,19.66
2016/09/09,15.917869467380122
2016/09/12,16.120088052688196
2016/09/13,17.55
2016/09/14,14.894719740156477
2016/09/19,14.745232922667558
2016/09/20,14.359219918253006
2016/09/21,14.65647471748161
2016/09/22,16.26
2016/09/23,15.81
2016/09/26,16.3
2016/09/27,13.531861335748538
2016/09/28,13.864973060915148
2016/09/29,4.279785869191883
2016/09/30,8.71809151535601
2016/10/10,16.78
2016/10/11,16.13
2016/10/12,13.458943976630303
2016/10/13,13.167063441848434
2016/10/14,12.594424365187512
2016/10/17,12.329285177103138
2016/10/18,15.24
2016/10/19,15.64
2016/10/20,15.19
2016/10/21,12.507520830666174
2016/10/24,13.251985204020883
2016/10/25,13.48565752246932
2016/10/26,16.37
2016/10/27,15.508326692439498
2016/10/28,15.227696264009962
2016/10/31,16.11
2016/11/01,13.807572304868634
2016/11/02,14.173951638656412
2016/11/03,15.07199374752178
2016/11/04,17.86
2016/11/07,19.01
2016/11/08,18.59
2016/11/09,18.37
2016/11/10,17.03
2016/11/11,16.27
2016/11/14,14.45623465414806
2016/11/15,16.92
2016/11/16,14.147465161471867
2016/11/17,16.24
2016/11/18,13.602189858267844
2016/11/21,13.280537598430117
2016/11/22,13.90604224831233
2016/11/23,14.021957555710394
2016/11/24,14.102968335253102
2016/11/25,16.03
2016/11/28,12.022106650896395
2016/11/29,14.86
2016/11/30,14.925389207984566
2016/12/01,15.83
2016/12/02,16.196986197758545
2016/12/05,16.33581959464205
2016/12/06,15.682823985469494
2016/12/07,15.15
2016/12/08,14.15
2016/12/09,14.56095396277864
2016/12/12,15.44
2016/12/13,15.475427384913177
2016/12/14,15.867357807051876
2016/12/15,17.17
2016/12/16,16.480559831268682
2016/12/19,16.97
2016/12/20,17.775459463683923
2016/12/21,17.017273050767173
2016/12/22,17.66
2016/12/23,16.889187426824297
2016/12/26,17.63
2016/12/27,17.735441932932595
2016/12/28,18.28
2016/12/29,5.371604613659564
2016/12/30,17.22
2017/01/03,15.86
2017/01/04,14.74
2017/01/05,14.742545708558822
2017/01/06,14.49
2017/01/09,14.534376082244512
2017/01/10,13.83
2017/01/11,13.78
2017/01/12,13.79
2017/01/13,13.300725620151455
2017/01/16,13.399297116520584
2017/01/17,12.32
2017/01/18,12.07
2017/01/19,12.123351401666348
2017/01/20,11.7
2017/01/23,11.66
2017/01/24,11.483145411277038
2017/01/25,11.43
2017/01/26,11.32
2017/02/03,12.43
2017/02/06,12.51
2017/02/07,11.92
2017/02/08,12.793132171598408
2017/02/09,12.63
2017/02/10,12.45924518691286
2017/02/13,12.154651687826384
2017/02/14,11.381719715592768
2017/02/15,11.1
2017/02/16,11.19
2017/02/17,11.68371160881454
2017/02/20,12.885615319527943
2017/02/21,13.02170731518233
2017/02/22,11.87
2017/02/23,11.06
2017/02/24,11.24
2017/02/27,7.248744479545833
2017/02/28,9.031790731036468
2017/03/01,11.72
2017/03/02,12.03
2017/03/03,11.88988712477134
2017/03/06,11.79
2017/03/07,11.6
2017/03/08,10.82
2017/03/09,10.831200767277275
2017/03/10,10.453147706295422
2017/03/13,10.64626070576672
2017/03/14,10.683936383261422
2017/03/15,11.371439414925591
2017/03/16,10.386948872781716
2017/03/17,10.17167674780555
2017/03/20,10.1
2017/03/21,10.11
2017/03/22,9.74934306841515
2017/03/23,9.550905290148105
2017/03/24,9.43
2017/03/27,5.531985671166558
2017/03/28,6.403096191585406
2017/03/29,6.470737181938153
2017/03/30,6.377847321039254
2017/03/31,6.234464911416658
2017/04/05,10.07
2017/04/06,10.11150839480023
2017/04/07,10.042127371637994
2017/04/10,10.12
2017/04/11,9.98
2017/04/12,9.997875829343446
2017/04/13,9.99323844404686
2017/04/14,10.42
2017/04/17,10.25661219239285
2017/04/18,10.31
2017/04/19,10.67
2017/04/20,10.237121792340128
2017/04/21,9.733296688193782
2017/04/24,10.07
2017/04/25,9.67
2017/04/26,9.29
2017/04/27,9.317503330862635
2017/04/28,9.291977449092103
2017/05/02,9.232547033017958
2017/05/03,9.1469597845147
2017/05/04,9.0
2017/05/05,9.308938752012605
2017/05/08,9.267539910254992
2017/05/09,8.857715077502565
2017/05/10,8.381858504095876
2017/05/11,8.31
2017/05/12,8.75
2017/05/15,8.87
2017/05/16,8.678160846743413
2017/05/17,8.56
2017/05/18,8.49
2017/05/19,8.64
2017/05/22,8.644693892993617
2017/05/23,9.537457085902703
2017/05/24,8.7
2017/05/25,12.85501092617297
2017/05/26,10.968407818146227
2017/05/31,12.073091678261576
2017/06/01,12.625523718897524
2017/06/02,12.642251607306914
2017/06/05,12.46
2017/06/06,12.39964563933876
2017/06/07,13.83
2017/06/08,14.23
2017/06/09,15.09
2017/06/12,15.406225538829592
2017/06/13,15.09
2017/06/14,14.362841111931363
2017/06/15,13.9
2017/06/16,13.28
2017/06/19,13.69
2017/06/20,13.99
2017/06/21,13.37
2017/06/22,13.629781386954154
2017/06/23,13.9
2017/06/26,15.392279851068016
2017/06/27,14.916469414517058
2017/06/28,15.079240297017847
2017/06/29,14.47
2017/06/30,14.4
2017/07/03,14.07
2017/07/04,13.3
2017/07/05,14.22
2017/07/06,13.82
2017/07/07,13.88
2017/07/10,13.90864265546018
2017/07/11,13.738896077820714
2017/07/12,14.777463005785908
2017/07/13,14.778746047214003
2017/07/14,15.778912348309278
2017/07/17,17.359457708530453
2017/07/18,16.935001553417788
2017/07/19,16.99
2017/07/20,17.2
2017/07/21,16.149401415477353
2017/07/24,15.71
2017/07/25,15.38
2017/07/26,15.926303318545532
2017/07/27,15.88
2017/07/28,15.57
2017/07/31,15.75
2017/08/01,15.09580591625893
2017/08/02,14.82
2017/08/03,15.27
2017/08/04,14.94
2017/08/07,15.37
2017/08/08,14.99
2017/08/09,14.25
2017/08/10,13.700197253443749
2017/08/11,14.616928957402422
2017/08/14,14.27
2017/08/15,14.0
2017/08/16,13.92
2017/08/17,13.69
2017/08/18,13.46
2017/08/21,13.1
2017/08/22,12.567029325786166
2017/08/23,13.11
2017/08/24,12.78
2017/08/25,13.83
2017/08/28,14.32
2017/08/29,12.425178588036609
2017/08/30,13.024679577521844
2017/08/31,14.59
2017/09/01,14.5
2017/09/04,15.01
2017/09/05,15.01116778939496
2017/09/06,15.22822247202464
2017/09/07,14.706435650842732
2017/09/08,14.46
2017/09/11,15.139710251918844
2017/09/12,15.17
2017/09/13,15.304456736398397
2017/09/14,14.06
2017/09/15,13.598699494251148
2017/09/18,13.7
2017/09/19,12.933434855487242
2017/09/20,12.788295588513424
2017/09/21,12.75
2017/09/22,12.627124495342818
2017/09/25,12.839482752350245
2017/09/26,12.73
2017/09/27,12.31
2017/09/28,10.53
2017/09/29,2.3592142193189125
2017/10/09,11.58
2017/10/10,11.64
2017/10/11,11.06
2017/10/12,10.688615890119989
2017/10/13,10.66
2017/10/16,10.55
2017/10/17,10.649592292940069
2017/10/18,10.26
2017/10/19,10.46090273186475
2017/10/20,10.46
2017/10/23,10.33
2017/10/24,11.531036531283236
2017/10/25,11.35
2017/10/26,11.16
2017/10/27,10.72
2017/10/30,11.59
2017/10/31,10.93
2017/11/01,10.62
2017/11/02,10.5803559285018
2017/11/03,10.41
2017/11/06,10.67
2017/11/07,10.431146542707332
2017/11/08,10.730359515759831
2017/11/09,10.86
2017/11/10,11.43
2017/11/13,11.52
2017/11/14,12.21
2017/11/15,12.31
2017/11/16,12.03
2017/11/17,12.65
2017/11/20,14.680019896523175
2017/11/21,15.170048307413154
2017/11/22,16.392552122835014
2017/11/23,16.1
2017/11/24,16.92
2017/11/27,18.02
2017/11/28,15.06
2017/11/29,15.68
2017/11/30,16.8
2017/12/01,17.99
2017/12/04,16.03
2017/12/05,17.246463179196002
2017/12/06,17.867294424886296
2017/12/07,16.94333490305126
2017/12/08,16.267474697562367
2017/12/11,16.17645126635041
2017/12/12,16.210132705492676
2017/12/13,16.20498494542052
2017/12/14,15.863718538756954
2017/12/15,15.18
2017/12/18,16.05703538626444
2017/12/19,16.034080236152384
2017/12/20,16.16517867952365
2017/12/21,16.051948633619315
2017/12/22,16.11562488550704
2017/12/25,16.575040497205062
2017/12/26,15.13
2017/12/27,16.79
2017/12/28,15.51658943216462
2017/12/29,14.73049800221776
2018/01/02,15.03
2018/01/03,14.81
2018/01/04,14.384077231049584
2018/01/05,14.45
2018/01/08,14.737347128418794
2018/01/09,14.072644954212768
2018/01/10,14.48817664760127
2018/01/11,14.83686508597163
2018/01/12,14.285848406371148
2018/01/15,15.46
2018/01/16,16.65909439459174
2018/01/17,16.9
2018/01/18,18.89
2018/01/19,18.88
2018/01/22,18.88
2018/01/23,19.28
2018/01/24,21.168573284845056
2018/01/25,18.470413625348847
2018/01/26,16.914457928233087
2018/01/29,19.49750447572384
2018/01/30,18.44233806552081
2018/01/31,18.678012733340125
2018/02/01,16.789861238064844
2018/02/02,17.004233177556586
2018/02/05,18.580684231406742
2018/02/06,22.29426980735623
2018/02/07,24.06
2018/02/08,25.93253583867107
2018/02/09,33.06
2018/02/12,28.19
2018/02/13,27.53
2018/02/14,27.32
2018/02/22,26.382011685461155
2018/02/23,23.858002694408537
2018/02/26,24.49219949182492
2018/02/27,25.8818636412344
2018/02/28,26.13188116491032
2018/03/01,24.086889416707624
2018/03/02,23.75987978026317
2018/03/05,22.17
2018/03/06,21.29013797795628
2018/03/07,22.007116365778973
2018/03/08,20.93
2018/03/09,20.537751422467284
2018/03/12,21.29
2018/03/13,21.69
2018/03/14,21.08601377850173
2018/03/15,20.17
2018/03/16,20.59
2018/03/19,21.14167635732603
2018/03/20,20.90254507486608
2018/03/21,21.11
2018/03/22,21.09354707213978
2018/03/23,23.15
2018/03/26,23.11
2018/03/27,23.785675645759422
2018/03/28,24.921309750494817
2018/03/29,17.262771618525385
2018/03/30,19.76273169222344
2018/04/02,24.79890705794065
2018/04/03,24.71333204202496
2018/04/04,24.453902882316765
2018/04/09,24.66
2018/04/10,23.01
2018/04/11,23.21
2018/04/12,24.36358863952199
2018/04/13,24.67170736768883
2018/04/16,25.550988903325702
2018/04/17,25.64341271553608
2018/04/18,25.276644269761512
2018/04/19,23.69949828830429
2018/04/20,22.6
2018/04/23,22.51
2018/04/24,23.02234351481229
2018/04/25,22.3
2018/04/26,24.538369291467927
2018/04/27,25.69684505783464
2018/05/02,25.13
2018/05/03,25.62813364230767
2018/05/04,25.95920866223081
2018/05/07,25.79590373616999
2018/05/08,24.544365810866537
2018/05/09,24.07817406878417
2018/05/10,22.27
2018/05/11,21.78
2018/05/14,21.011988824751587
2018/05/15,19.951891567506426
2018/05/16,20.16
2018/05/17,18.78
2018/05/18,18.36
2018/05/21,17.95
2018/05/22,17.91
2018/05/23,19.04473102328405
2018/05/24,18.236384123670263
2018/05/25,17.99
2018/05/28,14.233459990528274
2018/05/29,18.8
2018/05/30,19.33366959709508
2018/05/31,17.731134612971985
2018/06/01,20.47
2018/06/04,19.52
2018/06/05,18.74
2018/06/06,18.86
2018/06/07,18.23
2018/06/08,19.24
2018/06/11,20.27535009572349
2018/06/12,19.24634491660301
2018/06/13,19.25
2018/06/14,19.62
2018/06/15,20.02
2018/06/19,23.67
2018/06/20,21.14
2018/06/21,20.17272436896596
2018/06/22,19.8097674864267
2018/06/25,20.49
2018/06/26,21.33817130663736
2018/06/27,22.15
2018/06/28,20.53200601319602
2018/06/29,17.52053989689587
2018/07/02,26.38
2018/07/03,26.342033014566184
2018/07/04,26.94370074596025
2018/07/05,27.43
2018/07/06,25.72
2018/07/09,22.74
2018/07/10,22.83
2018/07/11,25.52
2018/07/12,23.35
2018/07/13,23.52
2018/07/16,23.46
2018/07/17,22.9
2018/07/18,21.86
2018/07/19,20.73
2018/07/20,21.3
2018/07/23,21.37
2018/07/24,23.3
2018/07/25,23.28
2018/07/26,22.61
2018/07/27,21.68
2018/07/30,22.02
2018/07/31,21.94
2018/08/01,23.8
2018/08/02,24.73
2018/08/03,24.89
2018/08/06,25.73
2018/08/07,25.28
2018/08/08,25.43
2018/08/09,25.32
2018/08/10,24.53
2018/08/13,25.33
2018/08/14,25.19
2018/08/15,25.92
2018/08/16,26.17
2018/08/17,26.35
2018/08/20,26.3
2018/08/21,23.95
2018/08/22,22.97
2018/08/23,21.97
2018/08/24,21.91
2018/08/27,22.03
2018/08/28,22.21
2018/08/29,22.7
2018/08/30,22.72
2018/08/31,22.42
2018/09/03,23.03
2018/09/04,22.1
2018/09/05,23.25
2018/09/06,23.84
2018/09/07,23.39
2018/09/10,24.54
2018/09/11,23.96
2018/09/12,23.65
2018/09/13,23.1
2018/09/14,21.58
2018/09/17,20.94
2018/09/18,20.37
2018/09/19,19.19
2018/09/20,18.39
2018/09/21,19.25
2018/09/25,20.47
2018/09/26,21.11
2018/09/27,20.6
2018/09/28,21.78
2018/10/08,24.4
2018/10/09,23.11
2018/10/10,23.12
2018/10/11,25.56
2018/10/12,25.83
2018/10/15,26.85
2018/10/16,26.38
2018/10/17,26.53
2018/10/18,28.08
2018/10/19,26.04
2018/10/22,26.15
2018/10/23,27.46
2018/10/24,27.44
2018/10/25,28.47
2018/10/26,29.37
2018/10/29,31.81
2018/10/30,31.79
2018/10/31,31.1
2018/11/01,29.06
2018/11/02,28.28
2018/11/05,30.13
2018/11/06,30.84
2018/11/07,30.9
2018/11/08,30.43
2018/11/09,31.01
2018/11/12,31.33
2018/11/13,30.59
2018/11/14,30.04
2018/11/15,29.33
2018/11/16,28.68
2018/11/19,28.13
2018/11/20,27.24
2018/11/21,27.13
2018/11/22,26.35
2018/11/23,25.62
2018/11/26,25.76
2018/11/27,24.88
2018/11/28,24.19
2018/11/29,24.33
2018/11/30,24.9
2018/12/03,22.82
2018/12/04,20.83
2018/12/05,20.78
2018/12/06,20.94
2018/12/07,19.91
2018/12/10,20.36
2018/12/11,20.33
2018/12/12,20.17
2018/12/13,19.2
2018/12/14,19.44
2018/12/17,20.33
2018/12/18,20.64
2018/12/19,20.75
2018/12/20,23.2
2018/12/21,23.78
2018/12/24,22.83
2018/12/25,23.85
2018/12/26,23.38
2018/12/27,23.13
2018/12/28,22.71
2019/01/02,22.22
2019/01/03,21.68
2019/01/04,21.2
2019/01/07,21.61
2019/01/08,20.69
2019/01/09,18.87
2019/01/10,18.52
2019/01/11,18.15
2019/01/14,18.45
2019/01/15,17.61
2019/01/16,16.6
2019/01/17,17.21
2019/01/18,17.67
2019/01/21,18.93
2019/01/22,17.46
2019/01/23,16.9
2019/01/24,15.39
2019/01/25,15.02
2019/01/28,16.54
2019/01/29,17.81
2019/01/30,18.3
2019/01/31,18.03
2019/02/01,18.63
2019/02/11,19.05
2019/02/12,18.54
2019/02/13,20.0
2019/02/14,21.95
2019/02/15,20.32
2019/02/18,21.99
2019/02/19,22.86
2019/02/20,23.65
2019/02/21,22.58
2019/02/22,22.36
2019/02/25,32.8
2019/02/26,30.98
2019/02/27,30.93
2019/02/28,29.13
2019/03/01,27.32
2019/03/04,29.6
2019/03/05,30.52
2019/03/06,31.51
2019/03/07,32.65
2019/03/08,33.02
2019/03/11,30.11
2019/03/12,30.11
2019/03/13,30.0
2019/03/14,28.2
2019/03/15,27.19
2019/03/18,27.39
2019/03/19,29.85
2019/03/20,29.37
2019/03/21,30.17
2019/03/22,29.63
2019/03/25,27.7
2019/03/26,27.18
2019/03/27,26.3
2019/03/28,25.5
2019/03/29,27.33
2019/04/01,29.41
2019/04/02,29.92
2019/04/03,29.41
2019/04/04,31.0
2019/04/08,32.5
2019/04/09,31.06
2019/04/10,31.21
2019/04/11,31.0
2019/04/12,28.16
2019/04/15,28.13
2019/04/16,28.38
2019/04/17,28.7
2019/04/18,28.71
2019/04/19,28.4
2019/04/22,29.5
2019/04/23,27.64
2019/04/24,27.07
2019/04/25,26.74
2019/04/26,25.94
2019/04/29,25.39
2019/04/30,25.59
2019/05/06,29.41
2019/05/07,26.24
2019/05/08,27.2
2019/05/09,29.04
2019/05/10,29.04
2019/05/13,27.73
2019/05/14,26.68
2019/05/15,25.09
2019/05/16,23.93
2019/05/17,23.75
2019/05/20,23.21
2019/05/21,22.47
2019/05/22,21.55
2019/05/23,22.17
2019/05/24,21.76
2019/05/27,23.09
2019/05/28,22.25
2019/05/29,21.55
2019/05/30,21.78
2019/05/31,22.37
2019/06/03,23.15
2019/06/04,23.68
2019/06/05,23.33
2019/06/06,23.41
2019/06/10,22.3
2019/06/11,21.62
2019/06/12,21.66
2019/06/13,20.87
2019/06/14,21.15
2019/06/17,21.09
2019/06/18,20.3
2019/06/19,19.55
2019/06/20,23.12
2019/06/21,25.27
2019/06/24,26.22
2019/06/25,26.31
2019/06/26,26.02
2019/06/27,26.99
2019/06/28,27.95
2019/07/01,25.69
2019/07/02,24.78
2019/07/03,23.8
2019/07/04,23.38
2019/07/05,24.07
2019/07/08,23.31
2019/07/09,22.29
2019/07/10,22.36
2019/07/11,22.7
2019/07/12,22.58
2019/07/15,22.68
2019/07/16,23.01
2019/07/17,22.57
2019/07/18,22.41
2019/07/19,23.33
2019/07/22,22.05
2019/07/23,20.76
2019/07/24,19.78
2019/07/25,18.16
2019/07/26,18.49
2019/07/29,19.58
2019/07/30,19.63
2019/07/31,19.98
2019/08/01,17.99
2019/08/02,18.68
2019/08/05,20.59
2019/08/06,22.21
2019/08/07,21.28
2019/08/08,20.77
2019/08/09,20.147
2019/08/12,20.46
2019/08/13,20.38
2019/08/14,19.798
2019/08/15,20.45
2019/08/16,20.34
2019/08/19,21.04
2019/08/20,20.83
2019/08/21,19.99
2019/08/22,19.8
2019/08/23,20.07
2019/08/26,21.23
2019/08/27,20.18
2019/08/28,19.97
2019/08/29,19.13
2019/08/30,19.26
2019/09/02,18.48
2019/09/03,18.44
2019/09/04,17.99
2019/09/05,18.77
2019/09/06,19.28
2019/09/09,20.4
2019/09/10,20.22
2019/09/11,19.79
2019/09/12,19.59
2019/09/16,18.72
2019/09/17,18.34
2019/09/18,17.9
2019/09/19,17.65
2019/09/20,17.01
2019/09/23,17.05
2019/09/24,16.63
2019/09/25,16.88
2019/09/26,17.14
2019/09/27,17.53
2019/09/30,17.76
2019/10/08,16.32
2019/10/09,16.0
2019/10/10,16.19
2019/10/11,16.24
2019/10/14,15.69
2019/10/15,15.22
2019/10/16,14.48
2019/10/17,15.4
2019/10/18,15.38
2019/10/21,14.5
2019/10/22,14.34
2019/10/23,14.52
2019/10/24,13.85
2019/10/25,13.61
2019/10/28,13.97
2019/10/29,14.13
2019/10/30,14.39
2019/10/31,14.67
2019/11/01,14.45
2019/11/04,14.8
2019/11/05,15.11
2019/11/06,14.9
2019/11/07,15.04
2019/11/08,15.19
2019/11/11,15.44
2019/11/12,14.88
2019/11/13,15.13
2019/11/14,15.39
2019/11/15,15.41
2019/11/18,14.62
2019/11/19,14.17
2019/11/20,13.75
2019/11/21,13.96
2019/11/22,14.45
2019/11/25,14.42
2019/11/26,14.44
2019/11/27,14.27
2019/11/28,13.84
2019/11/29,14.04
2019/12/02,13.74
2019/12/03,13.66
2019/12/04,13.58
2019/12/05,12.91
2019/12/06,12.46
2019/12/09,12.6
2019/12/10,12.58
2019/12/11,12.37
2019/12/12,12.52
2019/12/13,14.02
2019/12/16,13.48
2019/12/17,14.17
2019/12/18,14.46
2019/12/19,15.11
2019/12/20,14.8
2019/12/23,14.3
2019/12/24,13.47
2019/12/25,13.53
2019/12/26,13.28
2019/12/27,13.69
2019/12/30,14.76
2019/12/31,15.25
2020/01/02,15.52
2020/01/03,15.29
2020/01/06,16.02
2020/01/07,16.35
2020/01/08,16.21
2020/01/09,15.78
2020/01/10,15.44
2020/01/13,15.25
2020/01/14,14.88
2020/01/15,14.8
2020/01/16,14.14
2020/01/17,13.72
2020/01/20,14.4
2020/01/21,15.88
2020/01/22,15.19
2020/01/23,17.37
2020/02/03,32.46
2020/02/04,23.4
2020/02/05,21.04
2020/02/06,21.01
2020/02/07,22.26
2020/02/10,21.87
2020/02/11,20.03
2020/02/12,19.3
2020/02/13,19.69
2020/02/14,18.78
2020/02/17,18.96
2020/02/18,19.04
2020/02/19,19.35
2020/02/20,19.57
2020/02/21,20.77
2020/02/24,22.45
2020/02/25,23.13
2020/02/26,23.85
2020/02/27,20.54
2020/02/28,24.14
2020/03/02,21.44
2020/03/03,20.89
2020/03/04,21.08
2020/03/05,21.45
2020/03/06,22.73
2020/03/09,28.65
2020/03/10,27.82
2020/03/11,27.69
2020/03/12,30.5
2020/03/13,37.42
2020/03/16,40.57
2020/03/17,40.15
2020/03/18,35.29
2020/03/19,37.0
2020/03/20,32.84
2020/03/23,38.28
2020/03/24,35.29
2020/03/25,34.64
2020/03/26,33.67
2020/03/27,34.39
2020/03/30,33.92
2020/03/31,31.44
2020/04/01,29.59
2020/04/02,27.95
2020/04/03,28.98
2020/04/07,26.7
2020/04/08,24.88
2020/04/09,23.61
2020/04/10,22.71
2020/04/13,21.08
2020/04/14,20.27
2020/04/15,20.95
2020/04/16,20.62
2020/04/17,20.7
2020/04/20,20.93
2020/04/21,20.86
2020/04/22,20.57
2020/04/23,19.21
2020/04/24,18.94
2020/04/27,18.64
2020/04/28,18.7
2020/04/29,19.66
2020/04/30,21.47
2020/05/06,20.72
2020/05/07,19.69
2020/05/08,18.81
2020/05/11,19.28
2020/05/12,19.42
2020/05/13,19.26
2020/05/14,19.26
2020/05/15,18.89
2020/05/18,18.39
2020/05/19,17.89
2020/05/20,17.95
2020/05/21,18.71
2020/05/22,21.0
2020/05/25,19.42
2020/05/26,18.96
2020/05/27,19.67
2020/05/28,19.64
2020/05/29,19.91
2020/06/01,18.06
2020/06/02,17.59
2020/06/03,18.08
2020/06/04,18.21
2020/06/05,17.55
2020/06/08,17.56
2020/06/09,17.63
2020/06/10,18.04
2020/06/11,18.52
2020/06/12,18.15
2020/06/15,19.6
2020/06/16,17.54
2020/06/17,17.94
2020/06/18,18.13
2020/06/19,18.39
2020/06/22,19.7
2020/06/23,19.91
2020/06/24,20.0
2020/06/29,18.84
2020/06/30,17.98
2020/07/01,18.81
2020/07/02,22.53
2020/07/03,25.01
2020/07/06,37.69
2020/07/07,35.55
2020/07/08,33.2
2020/07/09,32.0
2020/07/10,31.0
2020/07/13,30.0
2020/07/14,29.8
2020/07/15,30.3
2020/07/16,32.76
2020/07/17,28.0
2020/07/20,28.81
2020/07/21,27.28
2020/07/22,26.96
2020/07/23,27.87
2020/07/24,31.34
2020/07/27,29.71
2020/07/28,28.9
2020/07/29,29.49
2020/07/30,29.57
2020/07/31,30.72
2020/08/03,31.84
2020/08/04,32.05
2020/08/05,31.41
2020/08/06,31.65
2020/08/07,30.78
2020/08/10,30.7
2020/08/11,29.67
2020/08/12,29.26
2020/08/13,28.75
2020/08/14,28.12
2020/08/17,31.25
2020/08/18,31.0
2020/08/19,29.79
2020/08/20,29.08
2020/08/21,28.92
2020/08/24,27.92
2020/08/25,27.54
2020/08/26,28.61
2020/08/27,26.54
2020/08/28,27.07
2020/08/31,26.65
2020/09/01,26.64
2020/09/02,27.1
2020/09/03,27.37
2020/09/04,27.09
2020/09/07,27.51
2020/09/08,26.89
2020/09/09,26.8
2020/09/10,25.96
2020/09/11,24.74
2020/09/14,23.31
2020/09/15,22.7
2020/09/16,21.98
2020/09/17,21.97
2020/09/18,23.29
2020/09/21,23.8
2020/09/22,23.93
2020/09/23,23.39
2020/09/24,24.61
2020/09/25,24.79
2020/09/28,26.35
2020/09/29,27.63
2020/09/30,28.28
2020/10/09,22.89
2020/10/12,25.09
2020/10/13,24.51
2020/10/14,23.71
2020/10/15,24.22
2020/10/16,24.0
2020/10/19,23.05
2020/10/20,22.46
2020/10/21,22.66
2020/10/22,22.74
2020/10/23,23.1
2020/10/26,23.04
2020/10/27,24.09
2020/10/28,22.81
2020/10/29,22.72
2020/10/30,23.73
2020/11/02,24.59
2020/11/03,24.45
2020/11/04,22.85
2020/11/05,23.04
2020/11/06,21.98
2020/11/09,23.24
2020/11/10,23.02
2020/11/11,22.38
2020/11/12,21.95
2020/11/13,21.15
2020/11/16,21.12
2020/11/17,20.91
2020/11/18,21.55
2020/11/19,21.79
2020/11/20,20.83
2020/11/23,22.14
2020/11/24,21.35
2020/11/25,20.83
2020/11/26,19.96
2020/11/27,20.77
2020/11/30,21.16
2020/12/01,23.77
2020/12/02,24.14
2020/12/03,23.96
2020/12/04,23.05
2020/12/07,21.76
2020/12/08,21.0
2020/12/09,19.98
2020/12/10,19.02
2020/12/11,19.64
2020/12/14,18.71
2020/12/15,18.66
2020/12/16,18.7
2020/12/17,19.05
2020/12/18,18.52
2020/12/21,20.25
2020/12/22,19.46
2020/12/23,19.26
2020/12/24,18.54
2020/12/25,18.16
2020/12/28,18.56
2020/12/29,19.02
2020/12/30,19.13
2020/12/31,20.26
2021/01/04,21.0
2021/01/05,20.84
2021/01/06,22.59
2021/01/07,26.1
2021/01/08,26.08
2021/01/11,23.44
2021/01/12,24.97
2021/01/13,24.38
2021/01/14,23.94
2021/01/15,22.12
2021/01/18,22.56
2021/01/19,22.78
2021/01/20,22.5
2021/01/21,23.29
2021/01/22,22.18
2021/01/25,22.97
2021/01/26,22.97
2021/01/27,22.48
2021/01/28,24.34
2021/01/29,24.53
2021/02/01,25.04
2021/02/02,23.19
2021/02/03,22.01
2021/02/04,23.04
2021/02/05,23.53
2021/02/08,23.93
2021/02/09,23.54
2021/02/10,24.98
2021/02/18,24.56
2021/02/19,22.44
2021/02/22,24.59
2021/02/23,23.89
2021/02/24,24.84
2021/02/25,23.18
2021/02/26,24.26
2021/03/01,24.34
2021/03/02,23.71
2021/03/03,23.33
2021/03/04,25.08
2021/03/05,26.96
2021/03/08,27.73
2021/03/09,27.17
2021/03/10,26.07
2021/03/11,24.07
2021/03/12,22.56
2021/03/15,23.26
2021/03/16,22.47
2021/03/17,22.71
2021/03/18,22.26
2021/03/19,22.77
2021/03/22,22.03
2021/03/23,21.24
2021/03/24,21.65
2021/03/25,21.36
2021/03/26,20.19
2021/03/29,20.29
2021/03/30,20.23
2021/03/31,19.89
2021/04/01,19.14
2021/04/02,19.27
2021/04/06,19.59
2021/04/07,18.93
2021/04/08,18.59
2021/04/09,18.52
2021/04/12,19.31
2021/04/13,19.43
2021/04/14,19.17
2021/04/15,19.38
2021/04/16,18.91
2021/04/19,19.54
2021/04/20,19.51
2021/04/21,19.68
2021/04/22,19.61
2021/04/23,19.69
2021/04/26,20.6
2021/04/27,20.01
2021/04/28,19.54
2021/04/29,19.61
2021/04/30,19.5
2021/05/06,19.24
2021/05/07,19.07
2021/05/10,18.98
2021/05/11,19.19
2021/05/12,19.42
2021/05/13,19.44
2021/05/14,19.62
2021/05/17,20.41
2021/05/18,20.04
2021/05/19,19.52
2021/05/20,19.39
2021/05/21,19.18
2021/05/24,19.3
2021/05/25,20.61
2021/05/26,20.75
2021/05/27,21.0
2021/05/28,22.48
2021/05/31,22.95
2021/06/01,22.71
2021/06/02,21.37
2021/06/03,20.53
2021/06/04,20.74
2021/06/07,21.28
2021/06/08,21.77
2021/06/09,20.95
2021/06/10,20.15
2021/06/11,20.31
2021/06/15,19.89
2021/06/16,20.78
2021/06/17,19.76
2021/06/18,19.75
2021/06/21,20.09
2021/06/22,19.64
2021/06/23,18.28
2021/06/24,19.3
2021/06/25,19.02
2021/06/28,18.47
2021/06/29,18.35
2021/06/30,18.93
2021/07/01,18.37
2021/07/02,19.64
2021/07/05,18.69
2021/07/06,18.38
2021/07/07,17.66
2021/07/08,18.45
2021/07/09,18.39
2021/07/12,19.02
2021/07/13,18.63
2021/07/14,18.62
2021/07/15,18.45
2021/07/16,18.32
2021/07/19,18.56
2021/07/20,18.91
2021/07/21,18.31
2021/07/22,18.27
2021/07/23,18.14
2021/07/26,21.36
2021/07/27,23.46
2021/07/28,21.96
2021/07/29,21.22
2021/07/30,20.72
2021/08/02,20.67
2021/08/03,19.67
2021/08/04,19.83
2021/08/05,19.64
2021/08/06,19.15
2021/08/09,19.14
2021/08/10,19.55
2021/08/11,19.36
2021/08/12,19.34
2021/08/13,19.29
2021/08/16,19.76
2021/08/17,20.81
2021/08/18,19.7
2021/08/19,20.5
2021/08/20,22.51
2021/08/23,21.38
2021/08/24,20.13
2021/08/25,20.12
2021/08/26,20.82
2021/08/27,20.43
2021/08/30,21.24
2021/08/31,21.18
2021/09/01,21.11
2021/09/02,21.6
2021/09/03,21.39
2021/09/06,21.08
2021/09/07,21.37
2021/09/08,21.48
2021/09/09,21.27
2021/09/10,20.91
2021/09/13,21.26
2021/09/14,20.77
2021/09/15,21.1
2021/09/16,21.85
2021/09/17,20.08
2021/09/22,21.88
2021/09/23,21.0
2021/09/24,19.86
2021/09/27,20.22
2021/09/28,20.76
2021/09/29,21.49
2021/09/30,21.63
2021/10/08,19.83
2021/10/11,19.45
2021/10/12,19.3
2021/10/13,19.46
2021/10/14,19.21
2021/10/15,18.86
2021/10/18,19.8
2021/10/19,18.81
2021/10/20,18.79
2021/10/21,19.12
2021/10/22,19.09
2021/10/25,19.56
2021/10/26,19.37
2021/10/27,19.15
2021/10/28,19.74
2021/10/29,19.5
2021/11/01,19.83
2021/11/02,20.81
2021/11/03,21.08
2021/11/04,19.95
2021/11/05,19.46
2021/11/08,20.12
2021/11/09,20.14
2021/11/10,18.71
2021/11/11,19.53
2021/11/12,19.27
2021/11/15,19.48
2021/11/16,19.33
2021/11/17,19.21
2021/11/18,19.11
2021/11/19,18.84
2021/11/22,18.5
2021/11/23,18.35
2021/11/24,17.91
2021/11/25,18.36
2021/11/26,18.44
2021/11/29,18.73
2021/11/30,18.52
2021/12/01,18.26
2021/12/02,17.71
2021/12/03,17.12
2021/12/06,17.34
2021/12/07,17.46
2021/12/08,18.66
2021/12/09,19.67
2021/12/10,18.8
2021/12/13,19.26
2021/12/14,18.62
2021/12/15,18.03
2021/12/16,18.01
2021/12/17,17.82
2021/12/20,18.59
2021/12/21,17.85
2021/12/22,17.66
2021/12/23,15.2
2021/12/24,16.02
2021/12/27,16.5
2021/12/28,16.44
2021/12/29,18.13
2021/12/30,17.32
2021/12/31,17.6
2022/01/04,18.11
2022/01/05,18.51
2022/01/06,18.76
2022/01/07,18.01
2022/01/10,18.11
2022/01/11,18.05
2022/01/12,17.45
2022/01/13,18.87
2022/01/14,19.34
2022/01/17,18.67
2022/01/18,17.92
2022/01/19,18.15
2022/01/20,18.05
2022/01/21,18.34
2022/01/24,19.22
2022/01/25,21.42
2022/01/26,20.51
2022/01/27,21.11
2022/01/28,25.19
2022/02/07,19.67
2022/02/08,18.72
2022/02/09,17.99
2022/02/10,17.52
2022/02/11,17.19
2022/02/14,18.05
2022/02/15,17.99
2022/02/16,17.08
2022/02/17,17.03
2022/02/18,16.67
2022/02/21,16.62
2022/02/22,17.75
2022/02/23,16.77
2022/02/24,18.8
2022/02/25,17.81
2022/02/28,18.15
2022/03/01,16.93
2022/03/02,16.88
2022/03/03,17.46
2022/03/04,17.371
2022/03/07,21.12
2022/03/08,22.71
2022/03/09,24.85
2022/03/10,21.5
2022/03/11,22.672
2022/03/14,26.35
2022/03/15,29.42
2022/03/16,25.49
2022/03/17,23.18
2022/03/18,22.89
2022/03/21,22.35
2022/03/22,21.09
2022/03/23,19.55
2022/03/24,19.08
2022/03/25,21.14
2022/03/28,22.92
2022/03/29,23.26
2022/03/30,21.33
2022/03/31,21.13
2022/04/01,20.68
2022/04/06,20.29
2022/04/07,21.15
2022/04/08,20.54
2022/04/11,23.29
2022/04/12,22.09
2022/04/13,21.99
2022/04/14,21.0
2022/04/15,21.08
2022/04/18,21.75
2022/04/19,21.68
2022/04/20,23.08
2022/04/21,25.01
2022/04/22,23.98
2022/04/25,31.18
2022/04/26,27.93
2022/04/27,25.56
2022/04/28,22.84
2022/04/29,22.08
2022/05/05,23.39
2022/05/06,24.91
2022/05/09,25.28
2022/05/10,25.13
2022/05/11,24.06
2022/05/12,24.54
2022/05/13,23.81
2022/05/16,24.1
2022/05/17,22.96
2022/05/18,22.25
2022/05/19,22.2
2022/05/20,22.06
2022/05/23,21.46
2022/05/24,21.53
2022/05/25,21.29
2022/05/26,20.91
2022/05/27,20.32
2022/05/30,20.64
2022/05/31,21.1
2022/06/01,20.82
2022/06/02,20.71
2022/06/06,21.28
2022/06/07,21.63
2022/06/08,21.97
2022/06/09,21.37
2022/06/10,21.04
2022/06/13,21.47
2022/06/14,21.58
2022/06/15,22.75
2022/06/16,21.65
2022/06/17,22.35
2022/06/20,22.24
2022/06/21,21.72
2022/06/22,20.58
2022/06/23,20.28
2022/06/24,20.03
2022/06/27,22.0
2022/06/28,21.82
2022/06/29,21.99
2022/06/30,23.329
2022/07/01,22.868
2022/07/04,23.11
2022/07/05,23.032
2022/07/06,22.76
2022/07/07,22.293
2022/07/08,21.59
2022/07/11,21.97
2022/07/12,21.35
2022/07/13,21.015
2022/07/14,20.67
2022/07/15,21.176
2022/07/18,21.2
2022/07/19,20.94
2022/07/20,20.15
2022/07/21,20.355
2022/07/22,19.918
2022/07/25,20.407
2022/07/26,19.376
2022/07/27,19.648
2022/07/28,19.7
2022/07/29,21.31
2022/08/01,21.57
2022/08/02,25.36
2022/08/03,23.47
2022/08/04,21.33
2022/08/05,19.557
2022/08/08,19.71
2022/08/09,19.45
2022/08/10,19.917
2022/08/11,20.006
2022/08/12,19.174
2022/08/15,19.43
2022/08/16,19.167
2022/08/17,18.918
2022/08/18,19.488
2022/08/19,18.76
2022/08/22,18.349
2022/08/23,18.027
2022/08/24,18.92
2022/08/25,17.85
2022/08/26,17.01815914
2022/08/29,17.687
2022/08/30,17.416
2022/08/31,17.566
2022/09/01,17.853
2022/09/02,18.29
2022/09/05,19.14
2022/09/06,18.098
2022/09/07,17.95
2022/09/08,17.493
2022/09/09,16.964
2022/09/13,17.174
2022/09/14,17.241
2022/09/15,17.59
2022/09/16,19.0
2022/09/19,18.97
2022/09/20,18.49
2022/09/21,19.42
2022/09/22,19.63
2022/09/23,19.2
2022/09/26,20.11
2022/09/27,18.88
2022/09/28,19.56
2022/09/29,20.39411041
2022/09/30,19.13
2022/10/10,20.53
2022/10/11,20.01
2022/10/12,20.82
2022/10/13,21.07
2022/10/14,19.36
2022/10/17,19.19
2022/10/18,19.918
2022/10/19,19.06
2022/10/20,19.98
2022/10/21,20.38
2022/10/24,24.64
2022/10/25,22.9
2022/10/26,21.11
2022/10/27,21.06551721
2022/10/28,24.03
2022/10/31,26.78
2022/11/01,23.33
2022/11/02,22.09
2022/11/03,22.24
2022/11/04,22.24
2022/11/07,23.01
2022/11/08,22.35
2022/11/09,22.18
2022/11/10,22.33
2022/11/11,21.81
2022/11/14,22.93
2022/11/15,23.16
2022/11/16,22.91
2022/11/17,22.37
2022/11/18,21.78
2022/11/21,22.0
2022/11/22,21.99
2022/11/23,22.08
2022/11/24,21.88829295
2022/11/25,21.25084989
2022/11/28,22.91
2022/11/29,24.04
2022/11/30,23.55
2022/12/01,23.8
2022/12/02,21.55
2022/12/05,22.2
2022/12/06,21.8
2022/12/07,21.78
2022/12/08,21.36
2022/12/09,20.96
2022/12/12,21.49
2022/12/13,21.03
2022/12/14,20.68
2022/12/15,19.8
2022/12/16,19.44
2022/12/19,19.95
2022/12/20,20.25
2022/12/21,19.82
2022/12/22,18.95
2022/12/23,19.56
2022/12/26,19.51
2022/12/27,18.85
2022/12/28,18.26
2022/12/29,17.94050355
2022/12/30,17.2
2023/01/03,17.23
2023/01/04,17.17
2023/01/05,17.73
2023/01/06,17.94
2023/01/09,19.43
2023/01/10,19.3
2023/01/11,19.41
2023/01/12,18.98
2023/01/13,17.71
2023/01/16,19.28
2023/01/17,18.7
2023/01/18,19.47
2023/01/19,20.46
2023/01/20,20.63
2023/01/30,19.37
2023/01/31,19.28
2023/02/01,19.73
2023/02/02,19.93
2023/02/03,20.04
2023/02/06,20.96
2023/02/07,20.61
2023/02/08,20.08
2023/02/09,19.58
2023/02/10,18.89
2023/02/13,19.02
2023/02/14,18.92
2023/02/15,18.38
2023/02/16,18.46
2023/02/17,18.68
2023/02/20,19.35
2023/02/21,19.52
2023/02/22,18.92
2023/02/23,18.75
2023/02/24,19.2
2023/02/27,19.36
2023/02/28,18.53
2023/03/01,18.27
2023/03/02,18.18
2023/03/03,17.98
2023/03/06,17.97
2023/03/07,18.23
2023/03/08,18.3
2023/03/09,18.12
2023/03/10,18.57
2023/03/13,18.03
2023/03/14,18.35
2023/03/15,17.38
2023/03/16,17.91
2023/03/17,17.09
2023/03/20,18.0
2023/03/21,17.35
2023/03/22,18.0
2023/03/23,17.38
2023/03/24,16.43
2023/03/27,17.07
2023/03/28,16.73
2023/03/29,16.72
2023/03/30,16.4
2023/03/31,16.34
2023/04/03,17.16
2023/04/04,16.87
2023/04/06,17.36
2023/04/07,16.58
2023/04/10,16.56
2023/04/11,16.12
2023/04/12,15.72
2023/04/13,15.22
2023/04/14,15.03
2023/04/17,16.06
2023/04/18,15.53
2023/04/19,15.19
2023/04/20,15.0
2023/04/21,15.91
2023/04/24,17.12
2023/04/25,17.27
2023/04/26,16.51
2023/04/27,15.28
2023/04/28,15.01
2023/05/04,15.58
2023/05/05,15.34
2023/05/08,16.16
2023/05/09,16.32
2023/05/10,16.36
2023/05/11,15.91
2023/05/12,16.24
2023/05/15,16.14
2023/05/16,16.34
2023/05/17,16.9
2023/05/18,16.14
2023/05/19,15.86
2023/05/22,15.53
2023/05/23,15.84
2023/05/24,16.62
2023/05/25,16.82499111
2023/05/26,16.18
2023/05/29,16.6
2023/05/30,16.41
2023/05/31,17.87
2023/06/01,16.58
2023/06/02,17.0
2023/06/05,16.63
2023/06/06,16.96
2023/06/07,17.25
2023/06/08,17.16
2023/06/09,16.48
2023/06/12,16.47
2023/06/13,16.07
2023/06/14,16.32
2023/06/15,15.66
2023/06/16,15.36
2023/06/19,16.03
2023/06/20,15.45
2023/06/21,15.97
2023/06/26,17.05
2023/06/27,16.43
2023/06/28,15.69
2023/06/29,15.83855761
2023/06/30,15.46
2023/07/03,15.09
2023/07/04,14.73
2023/07/05,15.01
2023/07/06,15.25
2023/07/07,15.4
2023/07/10,15.36
2023/07/11,14.97
2023/07/12,15.22
2023/07/13,14.87
2023/07/14,14.8
2023/07/17,15.04
2023/07/18,14.97
2023/07/19,15.06
2023/07/20,15.66
2023/07/21,15.14
2023/07/24,14.84
2023/07/25,15.31
2023/07/26,15.68
2023/07/27,15.06360091
2023/07/28,15.20077873
2023/07/31,18.36
2023/08/01,18.36
2023/08/02,17.77
2023/08/03,18.33
2023/08/04,17.77
2023/08/07,18.36
2023/08/08,18.78
2023/08/09,19.01
2023/08/10,19.05
2023/08/11,19.03
2023/08/14,18.73
2023/08/15,18.25
2023/08/16,18.92
2023/08/17,19.11
2023/08/18,19.72
2023/08/21,21.02
2023/08/22,20.32
2023/08/23,20.53939803
2023/08/24,19.76795694
2023/08/25,19.800155
2023/08/28,20.32
2023/08/29,20.61108648
2023/08/30,20.2
2023/08/31,18.71743542
2023/09/01,18.06
2023/09/04,17.58
2023/09/05,17.22
2023/09/06,17.17
2023/09/07,17.61
2023/09/08,17.99
2023/09/11,18.06
2023/09/12,17.17
2023/09/13,17.08
2023/09/14,17.61
2023/09/15,16.85
2023/09/18,17.15
2023/09/19,16.91
2023/09/20,16.56
2023/09/21,16.89
2023/09/22,16.37
2023/09/25,17.17
2023/09/26,16.96
2023/09/27,17.06
2023/09/28,16.99307936
2023/10/09,16.22
2023/10/10,16.08
2023/10/11,15.63
2023/10/12,15.31
2023/10/13,15.61
2023/10/16,16.41
2023/10/17,15.8
2023/10/18,15.7
2023/10/19,17.95
2023/10/20,18.94
2023/10/23,19.66
2023/10/24,18.29
2023/10/25,16.74
2023/10/26,16.13435859
2023/10/27,15.75687621
2023/10/30,16.55
2023/10/31,16.44
2023/11/01,16.24
2023/11/02,15.95
2023/11/03,15.5
2023/11/06,16.34
2023/11/07,16.08
2023/11/08,16.07
2023/11/09,16.13
2023/11/10,16.33
2023/11/13,16.7
2023/11/14,16.45
2023/11/15,16.13
2023/11/16,15.94
2023/11/17,15.28
2023/11/20,14.23
2023/11/21,14.65
2023/11/22,14.97
2023/11/23,14.53
2023/11/24,14.88
2023/11/27,15.73
2023/11/28,15.48
2023/11/29,15.8
2023/11/30,15.45
2023/12/01,15.76
2023/12/04,16.58
2023/12/05,18.32
2023/12/06,17.37
2023/12/07,17.32
2023/12/08,16.81
2023/12/11,17.5
2023/12/12,16.97
2023/12/13,17.61
2023/12/14,17.61
2023/12/15,18.5
2023/12/18,18.14
2023/12/19,18.5
2023/12/20,18.96
2023/12/21,18.04
2023/12/22,17.36
2023/12/25,16.77
2023/12/26,16.78
2023/12/27,16.89
2023/12/28,17.6
2023/12/29,15.9229071
2024/01/02,16.32
2024/01/03,16.32
2024/01/04,16.6
2024/01/05,17.12
2024/01/08,16.89
2024/01/09,18.46
2024/01/10,19.0
2024/01/11,18.27
2024/01/12,18.25
2024/01/15,17.26
2024/01/16,16.59
2024/01/17,19.18
2024/01/18,18.94
2024/01/19,17.8
2024/01/22,21.61
2024/01/23,19.67
2024/01/24,18.26
2024/01/25,17.43875318
2024/01/26,16.97
2024/01/29,18.13
2024/01/30,19.5
2024/01/31,21.71
2024/02/01,21.91
2024/02/02,23.72
2024/02/05,24.99
2024/02/06,23.5
2024/02/07,20.97
2024/02/08,20.77
2024/02/19,20.93
2024/02/20,19.08
2024/02/21,19.45
2024/02/22,20.55
2024/02/23,21.11
2024/02/26,20.45
2024/02/27,20.2
2024/02/28,20.67
2024/02/29,19.44217792
2024/03/01,18.97
2024/03/04,19.16
2024/03/05,18.17
2024/03/06,17.22
2024/03/07,16.7
2024/03/08,16.26
2024/03/11,16.42
2024/03/12,16.4
2024/03/13,16.34
2024/03/14,16.07
2024/03/15,15.88
2024/03/18,15.94
2024/03/19,15.72
2024/03/20,15.85
2024/03/21,15.74
2024/03/22,16.52
2024/03/25,16.3
2024/03/26,15.84
2024/03/27,16.32
2024/03/28,15.4851118
2024/03/29,15.03
2024/04/01,15.03
2024/04/02,14.74
2024/04/03,14.64
2024/04/08,15.02
2024/04/09,14.92
2024/04/10,14.81
2024/04/11,14.64
2024/04/12,14.94
2024/04/15,15.5
2024/04/16,16.14
2024/04/17,15.41
2024/04/18,16.8
2024/04/19,17.4
2024/04/22,15.56
2024/04/23,15.19
2024/04/24,14.92
2024/04/25,14.88
2024/04/26,14.95670132
2024/04/29,16.24
2024/04/30,15.02
2024/05/06,16.01
2024/05/07,15.2
2024/05/08,14.96
2024/05/09,15.02
2024/05/10,14.89
2024/05/13,14.64
2024/05/14,14.79
2024/05/15,14.85
2024/05/16,14.35
2024/05/17,14.08
2024/05/20,14.74
2024/05/21,13.84
2024/05/28,13.84
2024/06/03,13.92
2024/06/04,13.71
2024/06/05,13.79
2024/06/06,14.05
2024/06/07,14.11
2024/06/11,14.86
2024/06/12,14.36
2024/06/13,13.93
2024/06/14,13.8
2024/06/17,13.89
2024/06/18,13.87
2024/06/19,14.01
2024/06/20,14.09
2024/06/21,13.56
2024/06/24,13.49
2024/06/25,14.21
2024/06/26,13.54
2024/06/27,13.3836467
2024/06/28,12.74754559
2024/07/01,12.8
2024/07/02,12.4
2024/07/03,12.1
2024/07/04,12.13
2024/07/05,12.93
2024/07/08,13.82
2024/07/09,13.33
2024/07/10,14.2
2024/07/11,13.0
2024/07/12,12.46
2024/07/15,12.39
2024/07/16,12.27
2024/07/17,12.6
2024/07/18,13.09
2024/07/19,13.41
2024/07/22,13.3
2024/07/23,12.95
2024/07/24,13.08
2024/07/25,12.46
2024/07/26,13.82
2024/07/29,14.22
2024/07/30,14.6
2024/07/31,13.69
2024/08/01,13.77
2024/08/02,14.49
2024/08/05,17.5
2024/08/06,16.96
2024/08/07,15.22
2024/08/08,14.28
2024/08/09,13.98
2024/08/12,14.04
2024/08/13,14.07
2024/08/14,14.28
2024/08/15,14.04
2024/08/16,13.55
2024/08/19,13.62
2024/08/20,13.48
2024/08/21,13.57
2024/08/22,13.77
2024/08/23,13.3
2024/08/26,13.2
2024/08/27,12.95
2024/08/28,13.07
2024/08/29,13.0805701
2024/08/30,12.78195592
2024/09/02,14.05558997
2024/09/03,13.55
2024/09/04,14.11
2024/09/05,13.87
2024/09/06,14.49
2024/09/09,13.62
2024/09/10,15.66
2024/09/11,16.2
2024/09/12,15.45
2024/09/13,15.1
2024/09/18,14.72
2024/09/19,14.26
2024/09/20,13.59
2024/09/23,13.05
2024/09/24,16.54
2024/09/25,18.06
2024/09/26,21.79
2024/09/27,28.56
2024/09/30,49.14
2024/10/08,53.5
2024/10/09,43.08
2024/10/10,39.17
2024/10/11,37.57
2024/10/14,32.67
2024/10/15,24.62
2024/10/16,25.0
2024/10/17,23.87
2024/10/18,31.58
2024/10/21,26.0
2024/10/22,29.75
2024/10/23,27.02
2024/10/24,25.02327047
2024/10/25,26.13
2024/10/28,30.01
2024/10/29,29.58
2024/10/30,30.22
2024/10/31,31.98
2024/11/01,32.64
2024/11/04,23.87
2024/11/05,31.58
2024/11/06,26.0
2024/11/07,29.75
2024/11/08,27.02
2024/11/11,27.7
2024/11/12,26.28
2024/11/13,25.49
2024/11/14,24.88
2024/11/15,24.96
2024/11/18,26.36
2024/11/19,26.36
2024/11/20,24.81
2024/11/21,23.12
2024/11/22,24.19
2024/11/25,23.96
2024/11/26,23.34
2024/11/27,23.6
2024/11/28,22.17
2024/11/29,22.83
2024/12/02,24.54
2024/12/03,24.81
2024/12/04,24.88
2024/12/05,24.04
2024/12/06,23.93
2024/12/09,23.9
2024/12/10,24.91
2024/12/11,24.48
2024/12/12,25.14
2024/12/13,23.51
2024/12/16,22.01
2024/12/17,21.11
2024/12/18,21.01
2024/12/19,21.11
2024/12/20,19.95
2024/12/23,19.52
2024/12/24,18.94
2024/12/25,19.23
2024/12/26,18.54
2024/12/27,18.2
2024/12/30,18.41
2024/12/31,18.11
2025/01/02,20.69
2025/01/03,20.28
2025/01/06,21.45
2025/01/07,19.19
2025/01/08,18.47
2025/01/09,17.97
2025/01/10,18.05
2025/01/13,18.76
2025/01/14,19.48
2025/01/15,18.77
2025/01/16,18.86
2025/01/17,19.56
2025/01/20,19.25
2025/01/21,18.65
2025/01/22,18.79
2025/01/23,19.5
2025/01/24,19.1
2025/01/27,17.73
2025/02/05,18.64
2025/02/06,18.4
2025/02/07,18.53
2025/02/10,18.99
2025/02/11,16.49
2025/02/12,18.57
2025/02/13,17.86
2025/02/14,17.45
2025/02/17,18.21
2025/02/18,18.12
2025/02/19,17.65
2025/02/20,17.35
2025/02/21,18.28
2025/02/24,17.92
2025/02/25,17.91
2025/02/26,17.95
2025/02/27,17.69
2025/02/28,17.84
2025/03/03,16.78
2025/03/04,18.28
2025/03/05,15.71
2025/03/06,16.45
2025/03/07,15.42
2025/03/10,15.11
2025/03/11,16.45
2025/03/12,15.53
2025/03/13,15.52
2025/03/14,18.08
2025/03/17,17.59
2025/03/18,17.36
2025/03/19,17.69
2025/03/20,16.49
2025/03/21,15.9
2025/03/24,15.33
2025/03/25,15.53
2025/03/26,14.7
2025/03/27,14.3
2025/03/28,14.59
2025/03/31,15.74
2025/04/01,15.52
2025/04/02,15.33
2025/04/03,15.35
2025/04/07,31.37
2025/04/08,24.24
2025/04/09,22.62
2025/04/10,20.05
2025/04/11,19.5
2025/04/14,17.07
2025/04/15,15.85
2025/04/16,16.68
2025/04/17,16.14
2025/04/18,16.0
2025/04/21,15.69
2025/04/22,15.59
2025/04/23,15.34
2025/04/24,15.11
2025/04/25,15.15
2025/04/28,16.14
2025/04/29,16.15
2025/04/30,17.07
2025/05/06,14.91
2025/05/07,14.6
2025/05/08,14.59
2025/05/09,14.66
2025/05/12,15.75
2025/05/13,14.99
2025/05/14,15.0
2025/05/15,16.13
2025/05/16,15.74
2025/05/19,14.47
2025/05/20,14.96
2025/05/21,15.28
2025/05/22,16.01
2025/05/23,16.33
2025/05/26,15.76
2025/05/27,15.68
2025/05/28,15.72
2025/05/29,15.3
2025/05/30,15.21
2025/06/03,14.74
2025/06/04,14.55
2025/06/05,14.61
2025/06/06,14.33
2025/06/09,14.61
2025/06/10,14.52
2025/06/11,14.57
2025/06/12,14.49
2025/06/13,14.8
2025/06/16,14.3
2025/06/17,14.23
2025/06/18,14.49
2025/06/19,14.61
2025/06/20,13.73
2025/06/23,13.57
2025/06/24,14.32
2025/06/25,16.97
2025/06/26,15.51
2025/06/27,14.53
2025/06/30,14.52
2025/07/01,14.24
2025/07/02,14.03
2025/07/03,14.1
2025/07/04,14.5
2025/07/07,14.64
2025/07/08,15.34
2025/07/09,15.34
2025/07/10,15.74
2025/07/11,16.44
2025/07/14,16.25
2025/07/15,15.16
2025/07/16,15.06
2025/07/17,15.3
2025/07/18,15.07
2025/07/21,15.49
2025/07/22,15.71
2025/07/23,17.37
2025/07/24,16.89
2025/07/25,17.13
2025/07/28,17.74
2025/07/29,17.86
2025/07/30,17.33
2025/07/31,17.14
2025/08/01,16.08
2025/08/04,16.03
2025/08/05,15.84
2025/08/06,15.89
2025/08/07,15.9
2025/08/08,15.51
2025/08/11,16.08
2025/08/12,16.44
2025/08/13,17.14
2025/08/14,17.86
2025/08/15,20.1
2025/08/18,22.29
2025/08/19,20.49
2025/08/20,22.29
2025/08/21,20.94
2025/08/22,22.7
2025/08/25,25.78
2025/08/26,25.06
2025/08/27,24.14
2025/08/28,24.68
2025/08/29,24.22
2025/09/01,23.39
2025/09/02,23.32
2025/09/03,22.24
2025/09/04,22.24
2025/09/05,20.66
2025/09/08,20.33
2025/09/09,20.66
2025/09/10,23.19
2025/09/11,20.0
2025/09/12,19.34
2025/09/15,20.15
2025/09/16,20.8
2025/09/17,21.82
2025/09/18,21.07
2025/09/19,19.87
2025/09/22,19.64
2025/09/23,20.8
2025/09/24,19.01
2025/09/25,18.16
2025/09/26,18.38
2025/09/29,19.86
2025/09/30,17.86
2025/10/09,17.14
2025/10/10,19.03
2025/10/13,22.46
2025/10/14,22.59
2025/10/15,20.84
2025/10/16,22.0
2025/10/17,21.66
2025/10/20,21.82
2025/10/21,20.94
2025/10/22,19.0
2025/10/23,17.02264109
2025/10/24,16.65
2025/10/27,17.43
2025/10/28,17.15
2025/10/29,17.08
2025/10/30,17.2
2025/10/31,17.33
2025/11/03,17.4
2025/11/04,17.35
2025/11/05,17.12
2025/11/06,16.65
2025/11/07,16.28
2025/11/11,17.23
2025/11/12,17.53
2025/11/13,17.07
2025/11/14,17.02
2025/11/17,17.56
2025/11/18,18.27
2025/11/19,17.56
2025/11/20,17.17
2025/11/21,18.75
2025/11/24,17.12
2025/11/25,17.07
2025/11/26,15.9
2025/11/27,14.92252914
2025/11/28,14.54
2025/12/01,14.52
2025/12/02,14.53
2025/12/03,14.17
2025/12/04,14.5
2025/12/05,13.79
2025/12/08,14.26
2025/12/09,14.06
2025/12/10,15.71
2025/12/11,14.42
2025/12/12,13.88
2025/12/15,14.33
2025/12/16,15.14
2025/12/17,14.74
2025/12/18,14.67
2025/12/19,14.29
2025/12/22,13.89
2025/12/23,13.3
2025/12/24,13.94
2025/12/25,13.66
2025/12/26,14.27
2025/12/29,14.48
2025/12/30,15.0
2025/12/31,14.81
2026/01/05,17.17
2026/01/06,18.75
2026/01/07,17.12
2026/01/08,17.07
2026/01/09,17.84
2026/01/12,20.13
2026/01/13,19.38
2026/01/14,19.15
2026/01/15,16.83
2026/01/16,16.68
2026/01/19,15.75
2026/01/20,15.43
2026/01/21,15.77
2026/01/22,16.25
2026/01/23,17.91
2026/01/26,19.29
2026/01/27,17.96
2026/01/28,17.99
2026/01/29,17.99
2026/01/30,18.26
2026/02/02,23.03
2026/02/03,19.37
2026/02/04,17.63
2026/02/05,17.55
2026/02/06,18.26
2026/02/09,17.53
2026/02/10,16.8
2026/02/11,17.12
2026/02/12,17.11
2026/02/13,17.86
2026/02/24,16.59
2026/02/25,15.55
2026/02/26,15.15
2026/02/27,14.8
2026/03/02,15.83
2026/03/03,18.32
2026/03/04,19.02
2026/03/05,16.53
2026/03/06,15.48
2026/03/09,17.88
2026/03/10,16.63
2026/03/11,17.12
2026/03/12,16.53
2026/03/13,17.12
2026/03/16,17.67
2026/03/17,17.88
2026/03/18,19.33
2026/03/19,17.88
2026/03/20,19.94
2026/03/23,42.16
2026/03/24,28.87
2026/03/25,17.27
2026/03/26,18.15511937107248
