date,benchmark_nav,strategy_nav_confirmed,strategy_nav_confirmed_plus_panic
2022-10-21,1.0,1.0,1.0
2022-10-24,0.9916204547963181,1.0,1.0
2022-10-25,0.9880991802348449,1.0,1.0
2022-10-26,1.0092283822502885,1.0,1.0
2022-10-27,1.0045520052609238,1.0,1.0
2022-10-28,0.9700885993100478,1.0,1.0
2022-10-31,0.9782800322744633,1.0,1.0
2022-11-01,1.0011644303075244,1.0,1.0
2022-11-02,1.014330732409562,1.0,1.0
2022-11-03,1.0209115514906728,1.0,1.0
2022-11-04,1.0431119050173108,1.0,1.0
2022-11-07,1.0437337636595136,1.0,1.0
2022-11-08,1.0408296838004267,1.0,1.0
2022-11-09,1.037883628482991,1.0,1.0
2022-11-10,1.0265813476609562,1.0,1.0
2022-11-11,1.0328263630752772,1.0,1.0
2022-11-14,1.0260154562965516,1.0,1.0
2022-11-15,1.0497766750151185,1.0,1.0
2022-11-16,1.0419303735971255,1.0,1.0
2022-11-17,1.0438674632675868,1.0,1.0
2022-11-18,1.0351458958106932,1.0,1.0
2022-11-21,1.039954417761526,1.0,1.0
2022-11-22,1.023459617277098,1.0,1.0
2022-11-23,1.0210903358503056,1.0,1.0
2022-11-24,1.0240239539948972,1.0,1.0
2022-11-25,1.0124107438517609,1.0,1.0
2022-11-28,1.00938695620405,1.0,1.0
2022-11-29,1.0251837203626053,1.0,1.0
2022-11-30,1.0245603070737972,1.0,1.0
2022-12-01,1.03515055975051,1.0,1.0
2022-12-02,1.0385878833952855,1.0,1.0
2022-12-05,1.0438472528617153,1.0,1.0
2022-12-06,1.042165125234557,1.0,1.0
2022-12-07,1.0424356337439151,1.0,1.0
2022-12-08,1.0357584265732631,1.0,1.0
2022-12-09,1.0385630090495974,1.0,1.0
2022-12-12,1.03472147728739,1.0,1.0
2022-12-13,1.0250826683332472,1.0,1.0
2022-12-14,1.0214059291112236,1.0,1.0
2022-12-15,1.0256858712161838,1.0,1.0
2022-12-16,1.0135425265805695,1.0,1.0
2022-12-19,0.9935388887075127,1.0,1.0
2022-12-20,0.9858915820550244,1.0,1.0
2022-12-21,0.9777390152557464,1.0,1.0
2022-12-22,0.9618489723008606,1.0,1.0
2022-12-23,0.9577789074876436,1.0,1.0
2022-12-26,0.975621586579046,1.0,1.0
2022-12-27,0.9834119207192409,1.0,1.0
2022-12-28,0.9745255607221636,1.0,1.0
2022-12-29,0.973493275376107,1.0,1.0
2022-12-30,0.9765699210084052,1.0,1.0
2023-01-03,0.9986583399794468,1.0,1.0
2023-01-04,0.9982821155009142,1.0,1.0
2023-01-05,1.0082613920616628,1.0,1.0
2023-01-06,1.0105700422708404,1.0,1.0
2023-01-09,1.0160781551941513,1.0,1.0
2023-01-10,1.016769972933602,1.0,1.0
2023-01-11,1.0084837065262502,1.0,1.0
2023-01-12,1.0088987971699206,1.0,1.0
2023-01-13,1.013242479785707,1.0,1.0
2023-01-16,1.024793504064623,1.0,1.0
2023-01-17,1.025676543336551,1.0,1.0
2023-01-18,1.0280893548682977,1.0,1.0
2023-01-19,1.0378945110092297,1.0,1.0
2023-01-20,1.047342098430895,1.0,1.0
2023-01-30,1.055053145594209,1.0,1.0
2023-01-31,1.0579805451523785,1.0,1.0
2023-02-01,1.0753055269241472,1.0,1.0
2023-02-02,1.077872248469839,1.0,1.0
2023-02-03,1.076605211486351,1.0,1.0
2023-02-06,1.0713707163656094,1.0,1.0
2023-02-07,1.0764870583443324,1.0,1.0
2023-02-08,1.0692424051626706,1.0,1.0
2023-02-09,1.088125142833157,1.0,1.0
2023-02-10,1.0844266385586563,1.0,1.0
2023-02-13,1.0963647698423435,1.0,1.0
2023-02-14,1.0978059272456484,1.0,1.0
2023-02-15,1.0981401762658325,1.0,1.0
2023-02-16,1.0766238672456174,1.0,1.0
2023-02-17,1.067816794225421,1.0,1.0
2023-02-20,1.0819345400500289,1.0,1.0
2023-02-21,1.0867726002863662,1.0,1.0
2023-02-22,1.0880085443377443,1.0,1.0
2023-02-23,1.0830896424779206,1.0,1.0
2023-02-24,1.0796740838856218,1.0,1.0
2023-02-27,1.0718200092346013,1.0,1.0
2023-02-28,1.081345328986542,1.0,1.0
2023-03-01,1.0886832609645345,1.0,1.0
2023-03-02,1.0839478074041604,1.0,1.0
2023-03-03,1.0832684268375539,1.0,1.0
2023-03-06,1.0877924484595787,1.0,1.0
2023-03-07,1.0657631060595463,1.0,1.0
2023-03-08,1.0713784895986371,1.0,1.0
2023-03-09,1.071596140123408,1.0,1.0
2023-03-10,1.0568954018217351,1.0,1.0
2023-03-13,1.0622309489718347,1.0,1.0
2023-03-14,1.0524724322290682,1.0,1.0
2023-03-15,1.0576991541167822,1.0,1.0
2023-03-16,1.0400243768587745,1.0,1.0
2023-03-17,1.047267475393831,1.0,1.0
2023-03-20,1.0449479426584147,1.0,1.0
2023-03-21,1.0586195049072422,1.0,1.0
2023-03-22,1.0634295815046804,1.0,1.0
2023-03-23,1.067860324330375,1.0,1.0
2023-03-24,1.0677235154290903,1.0,1.0
2023-03-27,1.0706369231678101,1.0,1.0
2023-03-28,1.0611053848294476,1.0,1.0
2023-03-29,1.0581360098129293,1.0,1.0
2023-03-30,1.0583474417512786,1.0,1.0
2023-03-31,1.0689454676610188,1.0,1.0
2023-04-03,1.0823760596859926,1.0,1.0
2023-04-04,1.0810017520867246,1.0,1.0
2023-04-06,1.0856143885652634,1.0,1.0
2023-04-07,1.0949205031458276,1.0,1.0
2023-04-10,1.0833663695737004,1.0,1.0
2023-04-11,1.0857869543384746,1.0,1.0
2023-04-12,1.091520491019584,1.0,1.0
2023-04-13,1.0830943064177365,1.0,1.0
2023-04-14,1.0913759088852717,1.0,1.0
2023-04-17,1.0902379075700408,1.0,1.0
2023-04-18,1.0877971123993948,1.0,1.0
2023-04-19,1.0829015302386538,1.0,1.0
2023-04-20,1.0826403496089285,1.0,1.0
2023-04-21,1.0530414328866833,1.0,1.0
2023-04-24,1.0455418176617182,1.0,1.0
2023-04-25,1.0265704651347178,1.0,1.0
2023-04-26,1.0298600973519703,1.0,1.0
2023-04-27,1.0312732711163761,1.0,1.0
2023-04-28,1.0452355522804333,1.0,1.0
2023-05-04,1.0468943602085092,1.0,1.0
2023-05-05,1.034407438673078,1.0,1.0
2023-05-08,1.0420018873409789,1.0,1.0
2023-05-09,1.0278763682833436,1.0,1.0
2023-05-10,1.0303124995141728,1.0,1.0
2023-05-11,1.0295678237901351,1.0,1.0
2023-05-12,1.0161076934796565,1.0,1.0
2023-05-15,1.0238762625673743,1.0,1.0
2023-05-16,1.0130528128998355,1.0,1.0
2023-05-17,1.0190677406165414,1.0,1.0
2023-05-18,1.0235389042539793,1.0,1.0
2023-05-19,1.0264274376470108,1.0,1.0
2023-05-22,1.0254417916991196,1.0,1.0
2023-05-23,1.0149432631721318,1.0,1.0
2023-05-24,1.0125693178055228,1.0,1.0
2023-05-25,1.0106757582400154,1.0,1.0
2023-05-26,1.017735408475622,1.0,1.0
2023-05-29,1.0158247477974542,1.0,1.0
2023-05-30,1.0205431002451675,1.0,1.0
2023-05-31,1.0201046899024147,1.0,1.0
2023-06-01,1.022142831602234,1.0,1.0
2023-06-02,1.0301523709138054,1.0,1.0
2023-06-05,1.0311908748462841,1.0,1.0
2023-06-06,1.0089361086884534,1.0,1.0
2023-06-07,1.008741777862765,1.0,1.0
2023-06-08,1.0015779663045892,1.0,1.0
2023-06-09,1.00983003048662,1.0,1.0
2023-06-12,1.0152091077416736,1.0,1.0
2023-06-13,1.0190646313233305,1.0,1.0
2023-06-14,1.0226651928616843,1.0,1.0
2023-06-15,1.0282354916492153,1.0,1.0
2023-06-16,1.0367953758591364,1.0,1.0
2023-06-19,1.0405716124639126,1.0,1.0
2023-06-20,1.0406664459068484,1.0,1.0
2023-06-21,1.0180463377967235,1.0,1.0
2023-06-26,0.9982339214561441,1.0,1.0
2023-06-27,1.0116505216616685,1.0,1.0
2023-06-28,1.0067129640425787,1.0,1.0
2023-06-29,1.0136358053769008,1.0,1.0
2023-06-30,1.026383907542057,1.0,1.0
2023-07-03,1.0280691444624264,1.0,1.0
2023-07-04,1.0320443758327076,1.0,1.0
2023-07-05,1.023644620223154,1.0,1.0
2023-07-06,1.020948863009205,1.0,1.0
2023-07-07,1.0138519012550662,1.0,1.0
2023-07-10,1.0146945197152508,1.0,1.0
2023-07-11,1.022859523687373,1.0,1.0
2023-07-12,1.007875839703498,1.0,1.0
2023-07-13,1.0180307913306688,1.0,1.0
2023-07-14,1.0174322523875485,1.0,1.0
2023-07-17,1.0130947883581845,1.0,1.0
2023-07-18,1.0120796041247881,1.0,1.0
2023-07-19,1.009330988926252,1.0,1.0
2023-07-20,0.9963356979508202,1.0,1.0
2023-07-21,0.9951945873423782,1.0,1.0
2023-07-24,0.9940083919823764,1.0,1.0
2023-07-25,1.0102513397167123,1.0,1.0
2023-07-26,1.0038741793409232,1.0,1.0
2023-07-27,0.9961475857115539,1.0,1.0
2023-07-28,1.0051381070312,1.0,1.0
2023-07-31,1.012984408449193,1.0,1.0
2023-08-01,1.0116722867141452,1.0,1.0
2023-08-02,1.009901544230473,1.0,1.0
2023-08-03,1.0104487798356112,1.0,1.0
2023-08-04,1.0160113053901147,1.0,1.0
2023-08-07,1.0111390429284564,1.0,1.0
2023-08-08,1.0060646764080818,1.0,1.0
2023-08-09,0.9982354761027493,1.0,1.0
2023-08-10,0.9991418350737599,1.0,1.0
2023-08-11,0.9801487174942825,1.0,1.0
2023-08-14,0.982444930530616,1.0,1.0
2023-08-15,0.9734777289100524,1.0,1.0
2023-08-16,0.9617665760307692,1.0,1.0
2023-08-17,0.9712810132564712,1.0,1.0
2023-08-18,0.9509944297012121,1.0,1.0
2023-08-21,0.9416758779478039,1.0,1.0
2023-08-22,0.9482085029841436,1.0,1.0
2023-08-23,0.9286945787918215,1.0,1.0
2023-08-24,0.9309177234376964,1.0,1.0
2023-08-25,0.9139814033173045,1.0,1.0
2023-08-28,0.9206865941268557,1.0,1.0
2023-08-29,0.949696299785614,1.0,1.0
2023-08-30,0.9544954938568138,1.0,1.0
2023-08-31,0.949002927399558,1.0,1.0
2023-09-01,0.9494537749151548,1.0,1.0
2023-09-04,0.9636881192351757,1.0,1.0
2023-09-05,0.9588500589988384,1.0,1.0
2023-09-06,0.9631626486825142,1.0,1.0
2023-09-07,0.9457677078134977,1.0,1.0
2023-09-08,0.9487215363639608,1.0,1.0
2023-09-11,0.9611820289070985,1.0,1.0
2023-09-12,0.9614882942883833,1.0,1.0
2023-09-13,0.9488225883933191,1.0,1.0
2023-09-14,0.943469940130559,1.0,1.0
2023-09-15,0.9450789993672586,1.0,1.0
2023-09-18,0.9458423308505624,1.0,1.0
2023-09-19,0.9376135863676145,1.0,1.0
2023-09-20,0.9300766596241172,1.0,1.0
2023-09-21,0.9234072256864928,1.0,1.0
2023-09-22,0.9413276371081705,1.0,1.0
2023-09-25,0.9370461403566045,1.0,1.0
2023-09-26,0.9321832057745789,1.0,1.0
2023-09-27,0.9380830896424777,1.0,1.0
2023-09-28,0.9450603436079924,1.0,1.0
2023-10-09,0.942111178997346,1.0,1.0
2023-10-10,0.9395475667448651,1.0,1.0
2023-10-11,0.942022564140832,1.0,1.0
2023-10-12,0.949027801745246,1.0,1.0
2023-10-13,0.945515855063406,1.0,1.0
2023-10-16,0.9365750824351359,1.0,1.0
2023-10-17,0.9345555964945824,1.0,1.0
2023-10-18,0.9184867691800636,1.0,1.0
2023-10-19,0.908362910485003,1.0,1.0
2023-10-20,0.8977026987110422,1.0,1.0
2023-10-23,0.8765315212372496,1.0,1.0
2023-10-24,0.8891521423807545,1.0,1.0
2023-10-25,0.8984147268563644,0.9999,0.9999
2023-10-26,0.9035124130758213,1.0010347045631522,1.0010347045631522
2023-10-27,0.919834647787038,1.0046515056530965,1.0046515056530965
2023-10-30,0.9338078114773338,1.0074015170006496,1.0074015170006496
2023-10-31,0.9280214168116373,1.0022572179741736,1.0022572179741736
2023-11-01,0.9263237427184238,1.0013404793715577,1.0013404793715577
2023-11-02,0.9149483935059299,0.9951921982101409,0.9951921982101409
2023-11-03,0.9286168464615463,1.0026258074932328,1.0026258074932328
2023-11-06,0.947801185573501,1.0129824543528287,1.0129824543528287
2023-11-07,0.9509400170700195,1.0145076014768264,1.0145076014768264
2023-11-08,0.9543882232410336,1.0152433432290207,1.0152433432290207
2023-11-09,0.9484416999749697,1.013674010904047,1.013674010904047
2023-11-10,0.9465559136424901,1.0120616207314908,1.0120616207314908
2023-11-13,0.955272817159567,1.019109933975427,1.019109933975427
2023-11-14,0.961079422231135,1.019109933975427,1.019109933975427
2023-11-15,0.965011123496462,1.019109933975427,1.019109933975427
2023-11-16,0.9553536587830531,1.019109933975427,1.019109933975427
2023-11-17,0.9637611876256342,1.019109933975427,1.019109933975427
2023-11-20,0.9721640525283989,1.019109933975427,1.019109933975427
2023-11-21,0.9657666817467383,1.019109933975427,1.019109933975427
2023-11-22,0.953460099217546,1.019109933975427,1.019109933975427
2023-11-23,0.9634968977026983,1.019109933975427,1.019109933975427
2023-11-24,0.9507301397782758,1.019109933975427,1.019109933975427
2023-11-27,0.9501005079030456,1.019109933975427,1.019109933975427
2023-11-28,0.9550660491610347,1.019109933975427,1.019109933975427
2023-11-29,0.9504129918707525,1.019109933975427,1.019109933975427
2023-11-30,0.9453106417114789,1.019109933975427,1.019109933975427
2023-12-01,0.953006142408738,1.019109933975427,1.019109933975427
2023-12-04,0.9505715658245143,1.019109933975427,1.019109933975427
2023-12-05,0.9316375248160461,1.019109933975427,1.019109933975427
2023-12-06,0.9364880222252275,1.019109933975427,1.019109933975427
2023-12-07,0.9360262921833921,1.019109933975427,1.019109933975427
2023-12-08,0.9332761223382505,1.019109933975427,1.019109933975427
2023-12-11,0.944460250018267,1.019109933975427,1.019109933975427
2023-12-12,0.9450681168410202,1.019109933975427,1.019109933975427
2023-12-13,0.9358272974178874,1.019109933975427,1.019109933975427
2023-12-14,0.9315224809672389,1.019109933975427,1.019109933975427
2023-12-15,0.9252634737334683,1.019109933975427,1.019109933975427
2023-12-18,0.9105580714919788,1.019109933975427,1.019109933975427
2023-12-19,0.9115732557253748,1.019109933975427,1.019109933975427
2023-12-20,0.8956801034772781,1.019109933975427,1.019109933975427
2023-12-21,0.9015255747139838,1.019109933975427,1.019109933975427
2023-12-22,0.8914203717781891,1.019109933975427,1.019109933975427
2023-12-25,0.8917033174603914,1.019109933975427,1.019109933975427
2023-12-26,0.8786225209216567,1.019109933975427,1.019109933975427
2023-12-27,0.8855515808424008,1.019109933975427,1.019109933975427
2023-12-28,0.9025547507668296,1.0190080229820295,1.0190080229820295
2023-12-29,0.9152577681804264,1.0218764310535704,1.0218764310535704
2024-01-02,0.9102067213591346,1.0207485420853974,1.0207485420853974
2024-01-03,0.9054324016336229,1.0196777128364136,1.0196777128364136
2024-01-04,0.8990552412578339,1.0182413497695202,1.0182413497695202
2024-01-05,0.8823878750001947,1.0144659640676277,1.0144659640676277
2024-01-08,0.8618292282889717,1.0096378066126688,1.0096378066126688
2024-01-09,0.86334189943613,1.0096378066126688,1.0096378066126688
2024-01-10,0.8569320914816252,1.0096378066126688,1.0096378066126688
2024-01-11,0.8723293114625653,1.0096378066126688,1.0096378066126688
2024-01-12,0.8666361955931992,1.0096378066126688,1.0096378066126688
2024-01-15,0.8642871245722783,1.0096378066126688,1.0096378066126688
2024-01-16,0.8611918231807142,1.0096378066126688,1.0096378066126688
2024-01-17,0.8378177114669183,1.0096378066126688,1.0096378066126688
2024-01-18,0.8353769162962724,1.0096378066126688,1.0096378066126688
2024-01-19,0.8250493988958902,1.0096378066126688,1.0096378066126688
2024-01-22,0.777452338421692,1.0096378066126688,1.0096378066126688
2024-01-23,0.7897029536730861,1.0096378066126688,1.0096378066126688
2024-01-24,0.7996184897230089,1.0096378066126688,1.0096378066126688
2024-01-25,0.826481228419562,1.0096378066126688,1.0096378066126688
2024-01-26,0.8192614495835882,1.0096378066126688,1.0096378066126688
2024-01-29,0.7977280394507125,1.0096378066126688,1.0096378066126688
2024-01-30,0.7749384748605873,1.0096378066126688,1.0096378066126688
2024-01-31,0.7439030646748537,1.0096378066126688,1.0096378066126688
2024-02-01,0.7385255420664054,1.0096378066126688,1.0096378066126688
2024-02-02,0.7111995186814112,1.0096378066126688,1.0096378066126688
2024-02-05,0.6674206702703377,1.0096378066126688,1.0096378066126688
2024-02-06,0.7139621256993968,1.0096378066126688,1.0096378066126688
2024-02-07,0.7458961216231136,1.0096378066126688,1.0096378066126688
2024-02-08,0.7762505965956351,1.0096378066126688,1.0096378066126688
2024-02-19,0.7819235020591297,1.0096378066126688,1.0096378066126688
2024-02-20,0.7844762317853718,1.0095368428320075,1.0095368428320075
2024-02-21,0.7887468460106991,1.0106360074025333,1.0106360074025333
2024-02-22,0.8008808627666802,1.0137455156839406,1.0137455156839406
2024-02-23,0.8124070126999081,1.0166634485129373,1.0166634485129373
2024-02-26,0.8170289770580801,1.0178202534517984,1.0178202534517984
2024-02-27,0.8385810429502217,1.0231899844612753,1.0231899844612753
2024-02-28,0.8009617043901666,1.0140097792180736,1.0140097792180736
2024-02-29,0.8308979794258067,1.021589586210872,1.021589586210872
2024-03-01,0.8398107684151777,1.0237812421400219,1.0237812421400219
2024-03-04,0.8439150354537159,1.0247819131875529,1.0247819131875529
2024-03-05,0.8356427608658139,1.022772877438108,1.022772877438108
2024-03-06,0.8366268521670999,1.0230137703026223,1.0230137703026223
2024-03-07,0.8244726250052471,1.0200413718619665,1.0200413718619665
2024-03-08,0.8349027490815927,1.0223154248162016,1.0223154248162016
2024-03-11,0.8498708865994128,1.0369778825762894,1.0369778825762894
2024-03-12,0.8544897416643737,1.041069879228761,1.041069879228761
2024-03-13,0.8584416533355723,1.041069879228761,1.041069879228761
2024-03-14,0.8529801798104266,1.041069879228761,1.041069879228761
2024-03-15,0.8637056867418185,1.041069879228761,1.041069879228761
2024-03-18,0.8780659574368855,1.041069879228761,1.041069879228761
2024-03-19,0.871764974744766,1.041069879228761,1.041069879228761
2024-03-20,0.87979783375542,1.041069879228761,1.041069879228761
2024-03-21,0.879662579500741,1.041069879228761,1.041069879228761
2024-03-22,0.8699615846823782,1.041069879228761,1.041069879228761
2024-03-25,0.8497791624496881,1.041069879228761,1.041069879228761
2024-03-26,0.846932604515005,1.041069879228761,1.041069879228761
2024-03-27,0.8187126593318441,1.041069879228761,1.041069879228761
2024-03-28,0.8367481146023295,1.041069879228761,1.041069879228761
2024-03-29,0.845923638868031,1.041069879228761,1.041069879228761
2024-04-01,0.8642373758809019,1.041069879228761,1.041069879228761
2024-04-02,0.8598828107388771,1.041069879228761,1.041069879228761
2024-04-03,0.8552002151630904,1.041069879228761,1.041069879228761
2024-04-08,0.83949517515426,1.041069879228761,1.041069879228761
2024-04-09,0.8502222367322574,1.041069879228761,1.041069879228761
2024-04-10,0.8343866064085644,1.041069879228761,1.041069879228761
2024-04-11,0.8363874365898517,1.041069879228761,1.041069879228761
2024-04-12,0.829990065808191,1.041069879228761,1.041069879228761
2024-04-15,0.8220209473083627,1.041069879228761,1.041069879228761
2024-04-16,0.7876865770257434,1.041069879228761,1.041069879228761
2024-04-17,0.8220131740753353,1.041069879228761,1.041069879228761
2024-04-18,0.8218981302265278,1.041069879228761,1.041069879228761
2024-04-19,0.818426604356431,1.041069879228761,1.041069879228761
2024-04-22,0.8155800464217478,1.041069879228761,1.041069879228761
2024-04-23,0.8112814485575214,1.041069879228761,1.041069879228761
2024-04-24,0.8248348576643301,1.041069879228761,1.041069879228761
2024-04-25,0.8261376515197448,1.041069879228761,1.041069879228761
2024-04-26,0.8419872736628874,1.041069879228761,1.041069879228761
2024-04-29,0.8620872996254857,1.041069879228761,1.041069879228761
2024-04-30,0.8546560888511628,1.041069879228761,1.041069879228761
2024-05-06,0.8716654773620134,1.041069879228761,1.041069879228761
2024-05-07,0.8745415735822011,1.041069879228761,1.041069879228761
2024-05-08,0.8607549674845661,1.041069879228761,1.041069879228761
2024-05-09,0.8747732159264215,1.041069879228761,1.041069879228761
2024-05-10,0.8665957747814553,1.041069879228761,1.041069879228761
2024-05-13,0.8582892979682323,1.041069879228761,1.041069879228761
2024-05-14,0.8630900466860375,1.041069879228761,1.041069879228761
2024-05-15,0.8546249959190526,1.041069879228761,1.041069879228761
2024-05-16,0.8533377485296929,1.041069879228761,1.041069879228761
2024-05-17,0.8648856635153978,1.041069879228761,1.041069879228761
2024-05-20,0.8701015028768733,1.041069879228761,1.041069879228761
2024-05-21,0.8607674046574102,1.041069879228761,1.041069879228761
2024-05-28,0.83142966856489,1.041069879228761,1.041069879228761
2024-06-03,0.821571654439371,1.041069879228761,1.041069879228761
2024-06-04,0.8260941214147904,1.041069879228761,1.041069879228761
2024-06-05,0.8152706717472517,1.041069879228761,1.041069879228761
2024-06-06,0.7976689628797028,1.041069879228761,1.041069879228761
2024-06-07,0.8012011199674145,1.041069879228761,1.041069879228761
2024-06-11,0.808248333030177,1.041069879228761,1.041069879228761
2024-06-12,0.8109751831762362,1.041069879228761,1.041069879228761
2024-06-13,0.8053442531710903,1.041069879228761,1.041069879228761
2024-06-14,0.8054079936819161,1.041069879228761,1.041069879228761
2024-06-17,0.8059241363549444,1.041069879228761,1.041069879228761
2024-06-18,0.8126526468635781,1.041069879228761,1.041069879228761
2024-06-19,0.8021960937949388,1.041069879228761,1.041069879228761
2024-06-20,0.7860510887967501,1.041069879228761,1.041069879228761
2024-06-21,0.785925162421704,1.041069879228761,1.041069879228761
2024-06-24,0.7598770585464364,1.041069879228761,1.041069879228761
2024-06-25,0.7536320431321153,1.041069879228761,1.041069879228761
2024-06-26,0.7752058740767341,1.041069879228761,1.041069879228761
2024-06-27,0.7561941007379906,1.041069879228761,1.041069879228761
2024-06-28,0.7611534234095574,1.041069879228761,1.041069879228761
2024-07-01,0.7680342892855307,1.041069879228761,1.041069879228761
2024-07-02,0.7626552120304769,1.041069879228761,1.041069879228761
2024-07-03,0.7566667133060646,1.041069879228761,1.041069879228761
2024-07-04,0.7403025031364993,1.041069879228761,1.041069879228761
2024-07-05,0.7479078343306389,1.041069879228761,1.041069879228761
2024-07-08,0.7297448980385022,1.041069879228761,1.041069879228761
2024-07-09,0.745773304541278,1.041069879228761,1.041069879228761
2024-07-10,0.7427603994198058,1.041069879228761,1.041069879228761
2024-07-11,0.7607803082242358,1.041069879228761,1.041069879228761
2024-07-12,0.7583597234594617,1.041069879228761,1.041069879228761
2024-07-15,0.7505211952744961,1.041069879228761,1.041069879228761
2024-07-16,0.7519390329787184,1.041069879228761,1.041069879228761
2024-07-17,0.745549435430085,1.041069879228761,1.041069879228761
2024-07-18,0.7481627963739421,1.041069879228761,1.041069879228761
2024-07-19,0.7495604236722927,1.041069879228761,1.041069879228761
2024-07-22,0.7504077060722939,1.041069879228761,1.041069879228761
2024-07-23,0.7298988080524473,1.041069879228761,1.041069879228761
2024-07-24,0.7199583976568366,1.041069879228761,1.041069879228761
2024-07-25,0.7202009225272955,1.041069879228761,1.041069879228761
2024-07-26,0.7310072710821737,1.041069879228761,1.041069879228761
2024-07-29,0.7284529867093259,1.041069879228761,1.041069879228761
2024-07-30,0.7310710115929995,1.041069879228761,1.041069879228761
2024-07-31,0.7600791626051522,1.041069879228761,1.041069879228761
2024-08-01,0.7584016989178103,1.041069879228761,1.041069879228761
2024-08-02,0.7477679161361434,1.041069879228761,1.041069879228761
2024-08-05,0.7273849444913427,1.041069879228761,1.041069879228761
2024-08-06,0.7384493643827352,1.041069879228761,1.041069879228761
2024-08-07,0.7374326255027338,1.041069879228761,1.041069879228761
2024-08-08,0.736823204033375,1.041069879228761,1.041069879228761
2024-08-09,0.7311114324047427,1.041069879228761,1.041069879228761
2024-08-12,0.7266573698799657,1.041069879228761,1.041069879228761
2024-08-13,0.7303092347563012,1.041069879228761,1.041069879228761
2024-08-14,0.7227987370050974,1.041069879228761,1.041069879228761
2024-08-15,0.7294168676047403,1.041069879228761,1.041069879228761
2024-08-16,0.7237890468928054,1.041069879228761,1.041069879228761
2024-08-19,0.7250265455907888,1.041069879228761,1.041069879228761
2024-08-20,0.7119193200597604,1.041069879228761,1.041069879228761
2024-08-21,0.7070936969962671,1.041069879228761,1.041069879228761
2024-08-22,0.6983223808479972,1.041069879228761,1.041069879228761
2024-08-23,0.6988665071599246,1.041069879228761,1.041069879228761
2024-08-26,0.7015949119525893,1.041069879228761,1.041069879228761
2024-08-27,0.6933226373646871,1.041069879228761,1.041069879228761
2024-08-28,0.6950125382248731,1.041069879228761,1.041069879228761
2024-08-29,0.7061920019650729,1.041069879228761,1.041069879228761
2024-08-30,0.7196956623805054,1.041069879228761,1.041069879228761
2024-09-02,0.7046451285925935,1.041069879228761,1.041069879228761
2024-09-03,0.7108466139019602,1.041069879228761,1.041069879228761
2024-09-04,0.7074839132942491,1.041069879228761,1.041069879228761
2024-09-05,0.7130821957206792,1.041069879228761,1.041069879228761
2024-09-06,0.7008704466344227,1.041069879228761,1.041069879228761
2024-09-09,0.6957867522344153,1.041069879228761,1.041069879228761
2024-09-10,0.6976601013940511,1.041069879228761,1.041069879228761
2024-09-11,0.6974160218769866,1.041069879228761,1.041069879228761
2024-09-12,0.6947311471892762,1.041069879228761,1.041069879228761
2024-09-13,0.6860950852956855,1.041069879228761,1.041069879228761
2024-09-18,0.683909252168343,1.041069879228761,1.041069879228761
2024-09-19,0.6968345840465271,1.041069879228761,1.041069879228761
2024-09-20,0.6938947473155135,1.041069879228761,1.041069879228761
2024-09-23,0.694791778406891,1.041069879228761,1.041069879228761
2024-09-24,0.7217540144861966,1.041069879228761,1.041069879228761
2024-09-25,0.7285478201522615,1.041069879228761,1.041069879228761
2024-09-26,0.757754965929919,1.041069879228761,1.041069879228761
2024-09-27,0.7985349010389696,1.041069879228761,1.041069879228761
2024-09-30,0.8875213180915773,1.041069879228761,1.041069879228761
2024-10-08,0.9641902700887541,1.041069879228761,1.041069879228761
2024-10-09,0.8904051875447927,1.041069879228761,1.041069879228761
2024-10-10,0.8790795870236752,1.041069879228761,1.041069879228761
2024-10-11,0.8421147546845383,1.041069879228761,1.041069879228761
2024-10-14,0.8730522221341249,1.041069879228761,1.0408096117589538
2024-10-15,0.8561718692915314,1.041069879228761,1.030747651521623
2024-10-16,0.8588256510471316,1.041069879228761,1.0323450990729535
2024-10-17,0.8559277897744667,1.041069879228761,1.0306034225877545
2024-10-18,0.8938331833099353,1.041069879228761,1.0534239389787943
2024-10-21,0.9111115256835386,1.041069879228761,1.0636056036462571
2024-10-22,0.91550184769749,1.041069879228761,1.0661681719840612
2024-10-23,0.9177980607338235,1.041069879228761,1.0675052251323378
2024-10-24,0.9112763182237222,1.041069879228761,1.0637124549662436
2024-10-25,0.9288873549709039,1.041069879228761,1.0739909395258775
2024-10-28,0.9455500572887267,1.041069879228761,1.0833528438649318
2024-10-29,0.9302756543896216,1.041069879228761,1.0833528438649318
2024-10-30,0.9357962044857765,1.041069879228761,1.0833528438649318
2024-10-31,0.9509244706039638,1.041069879228761,1.0833528438649318
2024-11-01,0.9219411939374992,1.041069879228761,1.0833528438649318
2024-11-04,0.9410446914259676,1.041069879228761,1.0833528438649318
2024-11-05,0.9742255139273007,1.041069879228761,1.0833528438649318
2024-11-06,0.9783686471309766,1.041069879228761,1.0833528438649318
2024-11-07,0.9955832489937542,1.041069879228761,1.0833528438649318
2024-11-08,0.9985681704763273,1.041069879228761,1.0833528438649318
2024-11-11,1.0228035564095739,1.041069879228761,1.0833528438649318
2024-11-12,1.0092719123552423,1.041069879228761,1.0833528438649318
2024-11-13,1.0065388436227611,1.041069879228761,1.0833528438649318
2024-11-14,0.9751038892594122,1.041069879228761,1.0833528438649318
2024-11-15,0.9523003328498375,1.041069879228761,1.0833528438649318
2024-11-18,0.9288329423397115,1.041069879228761,1.0833528438649318
2024-11-19,0.9530418992806643,1.041069879228761,1.0833528438649318
2024-11-20,0.9717785001702332,1.041069879228761,1.0833528438649318
2024-11-21,0.973544578714089,1.041069879228761,1.0833528438649318
2024-11-22,0.9375280808043113,1.041069879228761,1.0833528438649318
2024-11-25,0.9408923360586283,1.041069879228761,1.0833528438649318
2024-11-26,0.9299227496101716,1.041069879228761,1.0833528438649318
2024-11-27,0.9512353999250652,1.041069879228761,1.0833528438649318
2024-11-28,0.9461719159309295,1.041069879228761,1.0833528438649318
2024-11-29,0.9621909945540723,1.041069879228761,1.0833528438649318
2024-12-02,0.9815432354994217,1.041069879228761,1.0833528438649318
2024-12-03,0.9799372855559331,1.041069879228761,1.0833528438649318
2024-12-04,0.9646488908373785,1.041069879228761,1.0833528438649318
2024-12-05,0.977188670357397,1.041069879228761,1.0833528438649318
2024-12-06,0.9871415179258518,1.041069879228761,1.0833528438649318
2024-12-09,0.9799357309093276,1.041069879228761,1.0833528438649318
2024-12-10,0.9890692797166805,1.041069879228761,1.0833528438649318
2024-12-11,1.0023381884946816,1.041069879228761,1.0833528438649318
2024-12-12,1.00898896667304,1.041069879228761,1.0833528438649318
2024-12-13,0.9879763631530092,1.041069879228761,1.0833528438649318
2024-12-16,0.9759325159001476,1.041069879228761,1.0833528438649318
2024-12-17,0.9551655465437867,1.041069879228761,1.0833528438649318
2024-12-18,0.963238826366184,1.041069879228761,1.0833528438649318
2024-12-19,0.9649986863236176,1.041069879228761,1.0833528438649318
2024-12-20,0.97503548480877,1.041069879228761,1.0833528438649318
2024-12-23,0.947771647287996,1.041069879228761,1.0833528438649318
2024-12-24,0.9583401349122317,1.041069879228761,1.0833528438649318
2024-12-25,0.9475089120116654,1.041069879228761,1.0833528438649318
2024-12-26,0.9577322680894786,1.041069879228761,1.0833528438649318
2024-12-27,0.9594610351148022,1.041069879228761,1.0833528438649318
2024-12-30,0.9554749212182826,1.041069879228761,1.0833528438649318
2024-12-31,0.9262149174560379,1.041069879228761,1.0833528438649318
2025-01-02,0.901242629031781,1.041069879228761,1.0833528438649318
2025-01-03,0.874521363176329,1.041069879228761,1.0833528438649318
2025-01-06,0.8718504803080681,1.041069879228761,1.0833528438649318
2025-01-07,0.8849110664409314,1.041069879228761,1.0833528438649318
2025-01-08,0.8802067058126675,1.041069879228761,1.0833528438649318
2025-01-09,0.881916817078725,1.041069879228761,1.0833528438649318
2025-01-10,0.8620391055807144,1.041069879228761,1.0833528438649318
2025-01-13,0.8643011163917269,1.041069879228761,1.0833528438649318
2025-01-14,0.9034129156930687,1.041069879228761,1.0833528438649318
2025-01-15,0.8978970295367303,1.041069879228761,1.0833528438649318
2025-01-16,0.9018986898993052,1.041069879228761,1.0833528438649318
2025-01-17,0.9081576971330757,1.040965772240838,1.0832445085805453
2025-01-20,0.9140000590765704,1.0423051208652938,1.0846382547355158
2025-01-21,0.9184883238266689,1.04332878411047,1.0857034939763657
2025-01-22,0.9103606313730788,1.0414823032646605,1.083782018467986
2025-01-23,0.90620817028977,1.0402200333791711,1.082468481598412
2025-01-24,0.9231693647558499,1.0557955930371816,1.0986766412877442
2025-01-27,0.9088572881055536,1.042388216958969,1.084724725769971
2025-02-05,0.9143560731492314,1.0433364573572947,1.0857114788714581
2025-02-06,0.9392910500549562,1.066098329877703,1.1093978229091352
2025-02-07,0.9536280010509406,1.0791163178689336,1.1229445353758787
2025-02-10,0.9655210475830681,1.089882763961414,1.1341482597610733
2025-02-11,0.9623526778010452,1.0870215924736026,1.131170882036533
2025-02-12,0.9770347603434518,1.1002888622504527,1.1449770008474254
2025-02-13,0.9658242036711419,1.0901890368220644,1.1344669718679206
2025-02-14,0.9714722347889483,1.0952892789413717,1.139774359887296
2025-02-17,0.9765621477753779,1.0994402369711702,1.1440939087245725
2025-02-18,0.9548857101547957,1.0994402369711702,1.1440939087245725
2025-02-19,0.9776441818128107,1.0994402369711702,1.1440939087245725
2025-02-20,0.9847769004388762,1.0994402369711702,1.1440939087245725
2025-02-21,1.002627352763306,1.0994402369711702,1.1440939087245725
2025-02-24,1.004926675092851,1.0994402369711702,1.1440939087245725
2025-02-25,1.0004819404477068,1.0994402369711702,1.1440939087245725
2025-02-26,1.0143151859435067,1.0994402369711702,1.1440939087245725
2025-02-27,1.0104472251890055,1.0994402369711702,1.1440939087245725
2025-02-28,0.9748287168102377,1.0994402369711702,1.1440939087245725
2025-03-03,0.9753339769570275,1.0994402369711702,1.1440939087245725
2025-03-04,0.9883867898568631,1.0994402369711702,1.1440939087245725
2025-03-05,0.9947002097218265,1.0994402369711702,1.1440939087245725
2025-03-06,1.015956892758922,1.0994402369711702,1.1440939087245725
2025-03-07,1.0117266993453378,1.0994402369711702,1.1440939087245725
2025-03-10,1.0137803875112124,1.0994402369711702,1.1440939087245725
2025-03-11,1.0185624804697515,1.0994402369711702,1.1440939087245725
2025-03-12,1.0209317618965439,1.0994402369711702,1.1440939087245725
2025-03-13,1.005366640082209,1.0994402369711702,1.1440939087245725
2025-03-14,1.0215847134708567,1.0994402369711702,1.1440939087245725
2025-03-17,1.0244452632249892,1.0994402369711702,1.1440939087245725
2025-03-18,1.0279214530349028,1.0994402369711702,1.1440939087245725
2025-03-19,1.0205757478238828,1.0994402369711702,1.1440939087245725
2025-03-20,1.0159708845783715,1.0994402369711702,1.1440939087245725
2025-03-21,0.995845984270085,1.0994402369711702,1.1440939087245725
2025-03-24,0.9888080990869555,1.0994402369711702,1.1440939087245725
2025-03-25,0.9811001612168525,1.0994402369711702,1.1440939087245725
2025-03-26,0.9848546327691516,1.0994402369711702,1.1440939087245725
2025-03-27,0.9839000797533706,1.0994402369711702,1.1440939087245725
2025-03-28,0.9745022410230815,1.0994402369711702,1.1440939087245725
2025-03-31,0.9680240286179342,1.0994402369711702,1.1440939087245725
2025-04-01,0.9731279334238133,1.0994402369711702,1.1440939087245725
2025-04-02,0.975890540441799,1.0994402369711702,1.1440939087245725
2025-04-03,0.9643877102076538,1.0994402369711702,1.1440939087245725
2025-04-07,0.8545021788372171,1.0994402369711702,1.1440939087245725
2025-04-08,0.8597226821385094,1.0994402369711702,1.1440939087245725
2025-04-09,0.8787375647704638,1.0994402369711702,1.1440939087245725
2025-04-10,0.8992993207748977,1.0994402369711702,1.1440939087245725
2025-04-11,0.9113633784336309,1.0994402369711702,1.1440939087245725
2025-04-14,0.9232315506200703,1.0994402369711702,1.1440939087245725
2025-04-15,0.9194226664365786,1.0994402369711702,1.1440939087245725
2025-04-16,0.9071907069444506,1.0994402369711702,1.1440939087245725
2025-04-17,0.907845213165369,1.0994402369711702,1.1440939087245725
2025-04-18,0.9066217062868349,1.0994402369711702,1.1440939087245725
2025-04-21,0.9254251569804407,1.0994402369711702,1.1440939087245725
2025-04-22,0.9249074596608069,1.0994402369711702,1.1440939087245725
2025-04-23,0.9303906982384298,1.0994402369711702,1.1440939087245725
2025-04-24,0.9204254134971307,1.0994402369711702,1.1440939087245725
2025-04-25,0.9233823513408049,1.0994402369711702,1.1440939087245725
2025-04-28,0.9136751379360201,1.0994402369711702,1.1440939087245725
2025-04-29,0.917766967801714,1.0994402369711702,1.1440939087245725
2025-04-30,0.9250333860358532,1.0994402369711702,1.1440939087245725
2025-05-06,0.948788386167998,1.0994402369711702,1.1440939087245725
2025-05-07,0.9501207183089173,1.0994402369711702,1.1440939087245725
2025-05-08,0.9573638168439738,1.0994402369711702,1.1440939087245725
2025-05-09,0.9455485026421216,1.0994402369711702,1.1440939087245725
2025-05-12,0.9588220753599394,1.0994402369711702,1.1440939087245725
2025-05-13,0.9562646816938806,1.0994402369711702,1.1440939087245725
2025-05-14,0.9577198309166349,1.0994402369711702,1.1440939087245725
2025-05-15,0.9416556675419325,1.0994402369711702,1.1440939087245725
2025-05-16,0.943378215980834,1.0994402369711702,1.1440939087245725
2025-05-19,0.9476099640410237,1.0994402369711702,1.1440939087245725
2025-05-20,0.9554889130377325,1.0994402369711702,1.1440939087245725
2025-05-21,0.953337282135711,1.0994402369711702,1.1440939087245725
2025-05-22,0.9430641773665215,1.0994402369711702,1.1440939087245725
2025-05-23,0.931183568007238,1.0994402369711702,1.1440939087245725
2025-05-26,0.9372637908813753,1.0994402369711702,1.1440939087245725
2025-05-27,0.9341031943323798,1.0994402369711702,1.1440939087245725
2025-05-28,0.9303720424791633,1.0994402369711702,1.1440939087245725
2025-05-29,0.9467144875962515,1.0994402369711702,1.1440939087245725
2025-05-30,0.9369171046883473,1.0994402369711702,1.1440939087245725
2025-06-03,0.9436767081290911,1.0994402369711702,1.1440939087245725
2025-06-04,0.9519365455441492,1.0994402369711702,1.1440939087245725
2025-06-05,0.9587521162626913,1.0994402369711702,1.1440939087245725
2025-06-06,0.9565491820226881,1.0994402369711702,1.1440939087245725
2025-06-09,0.9668285053782995,1.0994402369711702,1.1440939087245725
2025-06-10,0.9579250442685616,1.0994402369711702,1.1440939087245725
2025-06-11,0.9617836771434298,1.0994402369711702,1.1440939087245725
2025-06-12,0.9626713803551742,1.0994402369711702,1.1440939087245725
2025-06-13,0.9492687719690994,1.0994402369711702,1.1440939087245725
2025-06-16,0.9557127821489255,1.0994402369711702,1.1440939087245725
2025-06-17,0.954781548832227,1.0994402369711702,1.1440939087245725
2025-06-18,0.9538363236960787,1.0994402369711702,1.1440939087245725
2025-06-19,0.9402844692358753,1.0994402369711702,1.1440939087245725
2025-06-20,0.9327242227932955,1.0994402369711702,1.1440939087245725
2025-06-23,0.9449484090523961,1.0994402369711702,1.1440939087245725
2025-06-24,0.9630522687735235,1.0994402369711702,1.1440939087245725
2025-06-25,0.975721083961799,1.0994402369711702,1.1440939087245725
2025-06-26,0.9713105515419761,1.0994402369711702,1.1440939087245725
2025-06-27,0.9758423463970287,1.0994402369711702,1.1440939087245725
2025-06-30,0.9881613660990652,1.0994402369711702,1.1440939087245725
2025-07-01,0.9908959894781518,1.0994402369711702,1.1440939087245725
2025-07-02,0.9809011664513481,1.0994402369711702,1.1440939087245725
2025-07-03,0.986056374595209,1.0994402369711702,1.1440939087245725
2025-07-04,0.981324030328046,1.0994402369711702,1.1440939087245725
2025-07-07,0.9836466723566734,1.0994402369711702,1.1440939087245725
2025-07-08,0.9961709054106365,1.0994402369711702,1.1440939087245725
2025-07-09,0.9934922493093482,1.0994402369711702,1.1440939087245725
2025-07-10,0.9959952303442142,1.0994402369711702,1.1440939087245725
2025-07-11,1.0044727182840434,1.0994402369711702,1.1440939087245725
2025-07-14,1.0046608305233098,1.0994402369711702,1.1440939087245725
2025-07-15,1.0016323789357822,1.0994402369711702,1.1440939087245725
2025-07-16,1.004621964358172,1.0994402369711702,1.1440939087245725
2025-07-17,1.0160657180213082,1.0994402369711702,1.1440939087245725
2025-07-18,1.0186153384543393,1.0994402369711702,1.1440939087245725
2025-07-21,1.0279727563728853,1.0994402369711702,1.1440939087245725
2025-07-22,1.0318344985409642,1.0994402369711702,1.1440939087245725
2025-07-23,1.0271892144837098,1.0994402369711702,1.1440939087245725
2025-07-24,1.0417873461094191,1.0994402369711702,1.1440939087245725
2025-07-25,1.0426408470958424,1.0994402369711702,1.1440939087245725
2025-07-28,1.046274056212912,1.0994402369711702,1.1440939087245725
2025-07-29,1.0530989548110872,1.0994402369711702,1.1440939087245725
2025-07-30,1.044486212616579,1.0994402369711702,1.1440939087245725
2025-07-31,1.0355796422136303,1.0994402369711702,1.1440939087245725
2025-08-01,1.0370223542635408,1.0994402369711702,1.1440939087245725
2025-08-04,1.0477836180668592,1.0994402369711702,1.1440939087245725
2025-08-05,1.0552132741945766,1.0994402369711702,1.1440939087245725
2025-08-06,1.0666912300830338,1.0994402369711702,1.1440939087245725
2025-08-07,1.0668218203978963,1.0994402369711702,1.1440939087245725
2025-08-08,1.063087559251469,1.0994402369711702,1.1440939087245725
2025-08-11,1.079537274984337,1.0994402369711702,1.1440939087245725
2025-08-12,1.0825952648573691,1.099330292947473,1.1439794993337
2025-08-13,1.0982536654680344,1.102510383363383,1.14728874885149
2025-08-14,1.084597649685262,1.0997685943451847,1.1444356023054165
2025-08-15,1.1065197214695144,1.1038830719428485,1.1487171890609085
2025-08-18,1.1251910272016519,1.1186167063966248,1.1640492288254145
2025-08-19,1.126007216669543,1.118854563332326,1.1642967463003373
2025-08-20,1.1357408590666216,1.1207889257507173,1.166309672683898
2025-08-21,1.1276380409587197,1.119189696713528,1.164645491095325
2025-08-22,1.144676967755075,1.1224596935079247,1.1680482985315208
2025-08-25,1.1625227561396883,1.1224596935079247,1.167756286456888
2025-08-26,1.1623268706673944,1.1224596935079247,1.1676579027949388
2025-08-27,1.1405664821301147,1.1224596935079247,1.156727806328678
2025-08-28,1.1577624282336263,1.1224596935079247,1.1654476088679009
2025-08-29,1.156451861145184,1.1224596935079247,1.164787975577755
2025-09-01,1.1661637384897856,1.1224596935079247,1.1693864978457549
2025-09-02,1.1370498715084585,1.1224596935079247,1.1693864978457549
2025-09-03,1.1204151528295347,1.1224596935079247,1.1693864978457549
2025-09-04,1.0946499946364694,1.1224596935079247,1.1693864978457549
2025-09-05,1.1264456270122958,1.1224596935079247,1.1693864978457549
2025-09-08,1.1366067972258884,1.1224596935079247,1.1693864978457549
2025-09-09,1.12339230107908,1.1224596935079247,1.1693864978457549
2025-09-10,1.1240359247737597,1.1224596935079247,1.1693864978457549
2025-09-11,1.1504213869624222,1.1224596935079247,1.1693864978457549
2025-09-12,1.1539955195084826,1.1224596935079247,1.1693864978457549
2025-09-15,1.1528590728398571,1.1224596935079247,1.1693864978457549
2025-09-16,1.163439997636937,1.1224596935079247,1.1693864978457549
2025-09-17,1.1745059721749351,1.1224596935079247,1.1693864978457549
2025-09-18,1.1623159881411558,1.1224596935079247,1.1693864978457549
2025-09-19,1.156375683461514,1.1224596935079247,1.1693864978457549
2025-09-22,1.1643494659011588,1.1224596935079247,1.1693864978457549
2025-09-23,1.1516930878857277,1.1224596935079247,1.1693864978457549
2025-09-24,1.1713049548141967,1.1224596935079247,1.1693864978457549
2025-09-25,1.166997029070337,1.1224596935079247,1.1693864978457549
2025-09-26,1.1500638182431562,1.1224596935079247,1.1693864978457549
2025-09-29,1.1656475958167571,1.1224596935079247,1.1693864978457549
2025-09-30,1.1776385850850315,1.1224596935079247,1.1693864978457549
2025-10-09,1.1890014971246814,1.1224596935079247,1.1693864978457549
2025-10-10,1.1712427689499763,1.1224596935079247,1.1693864978457549
2025-10-13,1.1690569358226337,1.1224596935079247,1.1693864978457549
2025-10-14,1.1462642619392975,1.1224596935079247,1.1693864978457549
2025-10-15,1.1634120139980384,1.1224596935079247,1.1693864978457549
2025-10-16,1.1507245430504969,1.1224596935079247,1.1693864978457549
2025-10-17,1.1170882090937502,1.1224596935079247,1.1693864978457549
2025-10-20,1.125436661365322,1.1224596935079247,1.1693864978457549
2025-10-21,1.1417402403172725,1.1224596935079247,1.1693864978457549
2025-10-22,1.1367902455253387,1.1224596935079247,1.1693864978457549
2025-10-23,1.1361512857704754,1.1224596935079247,1.1693864978457549
2025-10-24,1.1534296281440786,1.1224596935079247,1.1693864978457549
2025-10-27,1.165266707398408,1.1224596935079247,1.1693864978457549
2025-10-28,1.1627543984839088,1.1224596935079247,1.1693864978457549
2025-10-29,1.1767306714674155,1.1224596935079247,1.1693864978457549
2025-10-30,1.1636654213947357,1.1224596935079247,1.1693864978457549
2025-10-31,1.167021903416025,1.1224596935079247,1.1693864978457549
2025-11-03,1.171911266990344,1.1224596935079247,1.1693864978457549
2025-11-04,1.1559932403965592,1.1224596935079247,1.1693864978457549
2025-11-05,1.1605219259584005,1.1224596935079247,1.1693864978457549
2025-11-06,1.174042687486494,1.1224596935079247,1.1693864978457549
2025-11-07,1.1724958141140147,1.1224596935079247,1.1693864978457549
2025-11-11,1.1723263576340144,1.1224596935079247,1.1693864978457549
2025-11-12,1.1638675254534516,1.1224596935079247,1.1693864978457549
2025-11-13,1.1800669430828332,1.1224596935079247,1.1693864978457549
2025-11-14,1.166414036593272,1.1224596935079247,1.1693864978457549
2025-11-17,1.169573078495662,1.1224596935079247,1.1693864978457549
2025-11-18,1.1579163382475715,1.1224596935079247,1.1693864978457549
2025-11-19,1.14845009506664,1.1224596935079247,1.1693864978457549
2025-11-20,1.1411743489528678,1.1224596935079247,1.1693864978457549
2025-11-21,1.09877758137409,1.1224596935079247,1.1693864978457549
2025-11-24,1.1125688514115415,1.1224596935079247,1.1693864978457549
2025-11-25,1.1271110157594528,1.1224596935079247,1.1693864978457549
2025-11-26,1.126877818768627,1.1224596935079247,1.1693864978457549
2025-11-27,1.128277000713583,1.1224596935079247,1.1693864978457549
2025-11-28,1.1402104680574539,1.1224596935079247,1.1693864978457549
2025-12-01,1.1483676987965483,1.1224596935079247,1.1693864978457549
2025-12-02,1.136941046246073,1.1224596935079247,1.1693864978457549
2025-12-03,1.126849835129728,1.1224596935079247,1.1693864978457549
2025-12-04,1.1269104663473428,1.1224596935079247,1.1693864978457549
2025-12-05,1.1414977154468138,1.1224596935079247,1.1693864978457549
2025-12-08,1.1540219485007772,1.1224596935079247,1.1693864978457549
2025-12-09,1.1474193643671897,1.1224596935079247,1.1693864978457549
2025-12-10,1.1517195168780217,1.1221790785845478,1.1690941512212936
2025-12-11,1.1367575979466236,1.114889998146888,1.161500335341035
2025-12-12,1.145920685039481,1.119215499859714,1.1660066738123784
2025-12-15,1.1363036411378156,1.1115344063979522,1.1580044559734424
2025-12-16,1.116488115504025,1.1018426137619786,1.1479074774235856
2025-12-17,1.1331414899422145,1.1097825608745426,1.1561793708383277
2025-12-18,1.1306011973888164,1.1097825608745426,1.1561793708383277
2025-12-19,1.1395264235510314,1.1097825608745426,1.1561793708383277
2025-12-22,1.1517366179906823,1.1097825608745426,1.1561793708383277
2025-12-23,1.1492600659481098,1.1097825608745426,1.1561793708383277
2025-12-24,1.1669768186644662,1.1097825608745426,1.1561793708383277
2025-12-25,1.1783257388846662,1.1097825608745426,1.1561793708383277
2025-12-26,1.1823911397580666,1.1097825608745426,1.1561793708383277
2025-12-29,1.1806235065676054,1.1097825608745426,1.1561793708383277
2025-12-30,1.1811116656017346,1.1097825608745426,1.1561793708383277
2025-12-31,1.180797626987422,1.1097825608745426,1.1561793708383277
2026-01-05,1.2054543221507614,1.1097825608745426,1.1561793708383277
2026-01-06,1.2227140087650985,1.1097825608745426,1.1561793708383277
2026-01-07,1.229168901471163,1.1097825608745426,1.1561793708383277
2026-01-08,1.2393005333992513,1.1097825608745426,1.1561793708383277
2026-01-09,1.263800209255434,1.1097825608745426,1.1561793708383277
2026-01-12,1.299219722868697,1.1097825608745426,1.1561793708383277
2026-01-13,1.275296820903157,1.1097825608745426,1.1561793708383277
2026-01-14,1.283698131159316,1.1097825608745426,1.1561793708383277
2026-01-15,1.2811500653728904,1.1097825608745426,1.1561793708383277
2026-01-16,1.2798985748554572,1.1097825608745426,1.1561793708383277
2026-01-19,1.285016471480786,1.1097825608745426,1.1561793708383277
2026-01-20,1.272128451121134,1.1097825608745426,1.1561793708383277
2026-01-21,1.2822227715306902,1.1097825608745426,1.1561793708383277
2026-01-22,1.291810277146851,1.1097825608745426,1.1561793708383277
2026-01-23,1.3169007187131263,1.1097825608745426,1.1561793708383277
2026-01-26,1.3005287353105335,1.1097825608745426,1.1561793708383277
2026-01-27,1.3031281044349408,1.1097825608745426,1.1561793708383277
2026-01-28,1.3058705010470553,1.1097825608745426,1.1561793708383277
2026-01-29,1.2953641992870397,1.1097825608745426,1.1561793708383277
2026-01-30,1.2833390077934443,1.1097825608745426,1.1561793708383277
2026-02-02,1.2398975176957656,1.1097825608745426,1.1561793708383277
2026-02-03,1.2762249449266447,1.1097825608745426,1.1561793708383277
2026-02-04,1.2759171248987544,1.1097825608745426,1.1561793708383277
2026-02-05,1.2543013184957867,1.1097825608745426,1.1561793708383277
2026-02-06,1.251734596950095,1.1097825608745426,1.1561793708383277
2026-02-09,1.2800618127490355,1.1097825608745426,1.1561793708383277
2026-02-10,1.2826300889413325,1.1093386478501928,1.1557168990899924
2026-02-11,1.2809526252539907,1.1080117589693623,1.1543345368097617
2026-02-12,1.2926622234866685,1.1129091427445064,1.1594366660840205
2026-02-13,1.2755611108260931,1.1099645243770377,1.1563689417103593
2026-02-24,1.2903209256987755,1.112199496036218,1.1586973510923886
2026-02-25,1.3099965331380703,1.1255982327935987,1.172656250412242
2026-02-26,1.319991356164874,1.1298921964994055,1.1771297323634002
2026-02-27,1.3309080846287433,1.1345644719067487,1.1819973421378667
2026-03-02,1.317869263548357,1.1290068442522885,1.1762073660908254
2026-03-03,1.2658632253009412,1.1065642801416216,1.1528265430645364
2026-03-04,1.2584118041207468,1.1051510103187547,1.1513541885040726
2026-03-05,1.2703203971189294,1.1051510103187547,1.1513541885040726
2026-03-06,1.2824062198301398,1.1051510103187547,1.1513541885040726
2026-03-09,1.2754118647519646,1.1051510103187547,1.1513541885040726
2026-03-10,1.2981439074176857,1.1051510103187547,1.1513541885040726
2026-03-11,1.300233352455487,1.1051510103187547,1.1513541885040726
2026-03-12,1.2959394185310769,1.1051510103187547,1.1513541885040726
2026-03-13,1.2770318065149024,1.1051510103187547,1.1513541885040726
2026-03-16,1.2765747404128833,1.1051510103187547,1.1513541885040726
2026-03-17,1.246804812564032,1.1051510103187547,1.1513541885040726
2026-03-18,1.2587336159680864,1.1051510103187547,1.1513541885040726
2026-03-19,1.2296057571673098,1.1051510103187547,1.1513541885040726
2026-03-20,1.2100483028700333,1.1051510103187547,1.1513541885040726
2026-03-23,1.1518547711327,1.1051510103187547,1.1513541885040726
2026-03-24,1.1816651197932944,1.1051510103187547,1.1513541885040726
2026-03-25,1.2050345675672738,1.1051510103187547,1.1513541885040726
2026-03-26,1.187653618517707,1.1051510103187547,1.1513541885040726
2026-03-27,1.2042779366108398,1.1051510103187547,1.1513541885040726
