date,instrument_id,ivix_close,ivix_open,ivix_high,ivix_low,source
2022-07-22,1000INDEX,24.34,24.66,24.85,24.13,akshare:index_option_1000index_qvix
2022-07-25,1000INDEX,23.952,25.426,25.89,23.684,akshare:index_option_1000index_qvix
2022-07-26,1000INDEX,22.39,24.363,24.363,22.39,akshare:index_option_1000index_qvix
2022-07-27,1000INDEX,22.646,22.522,22.967,22.27,akshare:index_option_1000index_qvix
2022-07-28,1000INDEX,25.659,23.029,23.696,22.442,akshare:index_option_1000index_qvix
2022-07-29,1000INDEX,24.176,23.668,24.959,23.4,akshare:index_option_1000index_qvix
2022-08-01,1000INDEX,24.749,25.893,26.077,24.453,akshare:index_option_1000index_qvix
2022-08-02,1000INDEX,26.375,25.807,29.775,25.807,akshare:index_option_1000index_qvix
2022-08-03,1000INDEX,25.659,28.12,28.66,26.0,akshare:index_option_1000index_qvix
2022-08-04,1000INDEX,25.45,27.669,29.134,25.34,akshare:index_option_1000index_qvix
2022-08-05,1000INDEX,23.312,25.495,26.39,23.018,akshare:index_option_1000index_qvix
2022-08-08,1000INDEX,25.488,25.677,26.454,24.685,akshare:index_option_1000index_qvix
2022-08-09,1000INDEX,24.651,26.375,26.569,24.459,akshare:index_option_1000index_qvix
2022-08-10,1000INDEX,24.603,25.659,25.781,24.481,akshare:index_option_1000index_qvix
2022-08-11,1000INDEX,22.804,25.111,25.111,22.697,akshare:index_option_1000index_qvix
2022-08-12,1000INDEX,21.013,23.681,23.768,20.931,akshare:index_option_1000index_qvix
2022-08-15,1000INDEX,21.501,25.83,25.83,21.498,akshare:index_option_1000index_qvix
2022-08-16,1000INDEX,21.586,23.425,23.425,20.492,akshare:index_option_1000index_qvix
2022-08-17,1000INDEX,20.92,23.674,23.91,19.943,akshare:index_option_1000index_qvix
2022-08-18,1000INDEX,22.082,21.543,22.206,21.543,akshare:index_option_1000index_qvix
2022-08-19,1000INDEX,21.701,22.382,22.711,21.578,akshare:index_option_1000index_qvix
2022-08-22,1000INDEX,21.369,22.678,22.854,21.192,akshare:index_option_1000index_qvix
2022-08-23,1000INDEX,21.705,21.782,22.637,21.598,akshare:index_option_1000index_qvix
2022-08-24,1000INDEX,23.319,21.793,24.47,21.793,akshare:index_option_1000index_qvix
2022-08-25,1000INDEX,22.683,23.456,24.795,22.421,akshare:index_option_1000index_qvix
2022-08-26,1000INDEX,22.074,23.163,23.291,22.074,akshare:index_option_1000index_qvix
2022-08-29,1000INDEX,23.625,24.074,25.107,22.624,akshare:index_option_1000index_qvix
2022-08-30,1000INDEX,23.87,24.045,24.698,23.107,akshare:index_option_1000index_qvix
2022-08-31,1000INDEX,23.253,24.23,24.996,22.384,akshare:index_option_1000index_qvix
2022-09-01,1000INDEX,23.428,23.55,23.769,22.746,akshare:index_option_1000index_qvix
2022-09-02,1000INDEX,23.639,23.704,24.481,22.965,akshare:index_option_1000index_qvix
2022-09-05,1000INDEX,24.262,26.115,26.913,24.262,akshare:index_option_1000index_qvix
2022-09-06,1000INDEX,20.851,24.656,24.954,20.829,akshare:index_option_1000index_qvix
2022-09-07,1000INDEX,19.63,21.88,22.31,19.32,akshare:index_option_1000index_qvix
2022-09-08,1000INDEX,17.918,20.339,21.026,17.855,akshare:index_option_1000index_qvix
2022-09-09,1000INDEX,19.0,18.548,19.377,18.2,akshare:index_option_1000index_qvix
2022-09-13,1000INDEX,20.612,22.449,22.449,19.949,akshare:index_option_1000index_qvix
2022-09-14,1000INDEX,20.504,23.483,24.94,19.591,akshare:index_option_1000index_qvix
2022-09-15,1000INDEX,22.802,22.7,23.0,20.517,akshare:index_option_1000index_qvix
2022-09-16,1000INDEX,22.2,22.0,23.8,22.0,akshare:index_option_1000index_qvix
2022-09-19,1000INDEX,19.13,20.1,20.16,18.87,akshare:index_option_1000index_qvix
2022-09-20,1000INDEX,22.55,22.93,23.25,21.75,akshare:index_option_1000index_qvix
2022-09-21,1000INDEX,23.18,22.86,24.04,22.26,akshare:index_option_1000index_qvix
2022-09-22,1000INDEX,23.13,23.98,24.67,22.91,akshare:index_option_1000index_qvix
2022-09-23,1000INDEX,22.97,23.66,24.2,22.42,akshare:index_option_1000index_qvix
2022-09-26,1000INDEX,24.09,24.17,24.79,23.7,akshare:index_option_1000index_qvix
2022-09-27,1000INDEX,23.76,24.21,25.01,23.42,akshare:index_option_1000index_qvix
2022-09-28,1000INDEX,24.44,24.16,25.08,24.05,akshare:index_option_1000index_qvix
2022-09-29,1000INDEX,24.33,24.36,25.02,24.33,akshare:index_option_1000index_qvix
2022-09-30,1000INDEX,24.48,24.81,25.97,24.48,akshare:index_option_1000index_qvix
2022-10-10,1000INDEX,24.97,26.57,26.85,24.97,akshare:index_option_1000index_qvix
2022-10-11,1000INDEX,24.73,26.2,26.44,24.69,akshare:index_option_1000index_qvix
2022-10-12,1000INDEX,24.81,25.09,25.4,24.22,akshare:index_option_1000index_qvix
2022-10-13,1000INDEX,24.92,25.12,25.77,24.51,akshare:index_option_1000index_qvix
2022-10-14,1000INDEX,23.75,24.83,25.3,23.47,akshare:index_option_1000index_qvix
2022-10-17,1000INDEX,24.16,24.61,25.79,23.57,akshare:index_option_1000index_qvix
2022-10-18,1000INDEX,24.34,24.66,24.85,24.13,akshare:index_option_1000index_qvix
2022-10-19,1000INDEX,23.78,23.65,23.99,23.18,akshare:index_option_1000index_qvix
2022-10-20,1000INDEX,24.25,24.0,25.44,23.65,akshare:index_option_1000index_qvix
2022-10-21,1000INDEX,23.93,24.56,25.2,23.34,akshare:index_option_1000index_qvix
2022-10-24,1000INDEX,26.25,24.85,26.95,24.43,akshare:index_option_1000index_qvix
2022-10-25,1000INDEX,26.68,26.68,28.87,26.2,akshare:index_option_1000index_qvix
2022-10-26,1000INDEX,25.0,26.97,27.15,24.89,akshare:index_option_1000index_qvix
2022-10-27,1000INDEX,25.0,25.32,25.84,24.75,akshare:index_option_1000index_qvix
2022-10-28,1000INDEX,26.19,25.61,26.19,25.61,akshare:index_option_1000index_qvix
2022-10-31,1000INDEX,26.94,27.57,27.57,26.94,akshare:index_option_1000index_qvix
2022-11-01,1000INDEX,25.28,26.78,27.14,25.28,akshare:index_option_1000index_qvix
2022-11-02,1000INDEX,24.34,25.75,25.87,24.34,akshare:index_option_1000index_qvix
2022-11-03,1000INDEX,25.29,24.96,25.45,24.67,akshare:index_option_1000index_qvix
2022-11-04,1000INDEX,25.29,24.96,25.45,24.67,akshare:index_option_1000index_qvix
2022-11-07,1000INDEX,24.53,24.51,25.64,24.4,akshare:index_option_1000index_qvix
2022-11-08,1000INDEX,23.91,24.87,24.95,23.73,akshare:index_option_1000index_qvix
2022-11-09,1000INDEX,23.85,24.22,24.4,23.63,akshare:index_option_1000index_qvix
2022-11-10,1000INDEX,23.92,23.89,24.69,23.89,akshare:index_option_1000index_qvix
2022-11-11,1000INDEX,24.2,24.0,24.3,24.0,akshare:index_option_1000index_qvix
2022-11-14,1000INDEX,23.83,24.22,24.31,23.47,akshare:index_option_1000index_qvix
2022-11-15,1000INDEX,23.7,24.1,24.34,23.59,akshare:index_option_1000index_qvix
2022-11-16,1000INDEX,23.62,23.72,24.44,23.2,akshare:index_option_1000index_qvix
2022-11-17,1000INDEX,23.05,23.67,24.45,23.05,akshare:index_option_1000index_qvix
2022-11-18,1000INDEX,22.76,23.46,23.73,22.31,akshare:index_option_1000index_qvix
2022-11-21,1000INDEX,23.83,24.22,24.31,23.47,akshare:index_option_1000index_qvix
2022-11-22,1000INDEX,23.31,23.11,23.46,22.29,akshare:index_option_1000index_qvix
2022-11-23,1000INDEX,22.75,23.58,23.59,22.47,akshare:index_option_1000index_qvix
2022-11-24,1000INDEX,22.49,22.99,23.2,22.42,akshare:index_option_1000index_qvix
2022-11-25,1000INDEX,22.56,22.57,23.05,22.38,akshare:index_option_1000index_qvix
2022-11-28,1000INDEX,23.39,23.71,24.41,23.21,akshare:index_option_1000index_qvix
2022-11-29,1000INDEX,22.84,23.51,23.63,22.4,akshare:index_option_1000index_qvix
2022-11-30,1000INDEX,22.86,23.11,23.32,22.8,akshare:index_option_1000index_qvix
2022-12-01,1000INDEX,21.73,22.59,23.05,21.54,akshare:index_option_1000index_qvix
2022-12-02,1000INDEX,21.15,21.97,22.02,21.04,akshare:index_option_1000index_qvix
2022-12-05,1000INDEX,21.52,22.2,22.25,21.36,akshare:index_option_1000index_qvix
2022-12-06,1000INDEX,21.17,21.67,21.79,21.03,akshare:index_option_1000index_qvix
2022-12-07,1000INDEX,20.59,21.09,21.36,20.41,akshare:index_option_1000index_qvix
2022-12-08,1000INDEX,20.4,20.74,20.87,20.29,akshare:index_option_1000index_qvix
2022-12-09,1000INDEX,20.1,20.58,20.61,19.99,akshare:index_option_1000index_qvix
2022-12-12,1000INDEX,20.34,20.71,20.86,20.05,akshare:index_option_1000index_qvix
2022-12-13,1000INDEX,20.41,20.53,20.56,20.14,akshare:index_option_1000index_qvix
2022-12-14,1000INDEX,20.58,20.53,20.56,20.14,akshare:index_option_1000index_qvix
2022-12-15,1000INDEX,19.69,20.62,20.62,19.45,akshare:index_option_1000index_qvix
2022-12-16,1000INDEX,18.52,19.87,20.2,18.43,akshare:index_option_1000index_qvix
2022-12-19,1000INDEX,19.09,18.39,19.61,18.18,akshare:index_option_1000index_qvix
2022-12-20,1000INDEX,19.77,19.33,20.25,19.33,akshare:index_option_1000index_qvix
2022-12-21,1000INDEX,19.52,19.83,20.49,19.1,akshare:index_option_1000index_qvix
2022-12-22,1000INDEX,20.31,19.65,21.04,19.14,akshare:index_option_1000index_qvix
2022-12-23,1000INDEX,20.99,20.73,21.74,20.04,akshare:index_option_1000index_qvix
2022-12-26,1000INDEX,19.29,21.4,21.46,19.14,akshare:index_option_1000index_qvix
2022-12-27,1000INDEX,18.78,19.59,19.78,18.51,akshare:index_option_1000index_qvix
2022-12-28,1000INDEX,18.52,19.18,19.28,18.41,akshare:index_option_1000index_qvix
2022-12-29,1000INDEX,18.33,18.71,18.88,18.03,akshare:index_option_1000index_qvix
2022-12-30,1000INDEX,18.01,18.5,18.53,17.93,akshare:index_option_1000index_qvix
2023-01-03,1000INDEX,18.17,18.96,18.96,17.86,akshare:index_option_1000index_qvix
2023-01-04,1000INDEX,18.14,18.29,18.45,18.01,akshare:index_option_1000index_qvix
2023-01-05,1000INDEX,17.94,18.35,18.5,17.86,akshare:index_option_1000index_qvix
2023-01-06,1000INDEX,17.77,18.08,18.14,17.65,akshare:index_option_1000index_qvix
2023-01-09,1000INDEX,18.95,18.63,19.0,18.5,akshare:index_option_1000index_qvix
2023-01-10,1000INDEX,18.93,19.19,19.24,18.88,akshare:index_option_1000index_qvix
2023-01-11,1000INDEX,18.93,19.19,19.24,18.88,akshare:index_option_1000index_qvix
2023-01-12,1000INDEX,18.75,18.84,19.1,18.51,akshare:index_option_1000index_qvix
2023-01-13,1000INDEX,18.1,18.94,18.96,18.09,akshare:index_option_1000index_qvix
2023-01-16,1000INDEX,17.98,17.92,19.0,17.35,akshare:index_option_1000index_qvix
2023-01-17,1000INDEX,17.92,18.1,18.22,17.26,akshare:index_option_1000index_qvix
2023-01-18,1000INDEX,18.15,17.85,18.19,17.72,akshare:index_option_1000index_qvix
2023-01-19,1000INDEX,18.79,18.54,19.8,18.1,akshare:index_option_1000index_qvix
2023-01-20,1000INDEX,18.74,19.05,20.02,18.0,akshare:index_option_1000index_qvix
2023-01-30,1000INDEX,19.59,21.11,21.11,19.22,akshare:index_option_1000index_qvix
2023-01-31,1000INDEX,19.05,19.9,19.9,18.79,akshare:index_option_1000index_qvix
2023-02-01,1000INDEX,19.78,19.31,19.78,18.91,akshare:index_option_1000index_qvix
2023-02-02,1000INDEX,20.15,20.15,20.38,19.9,akshare:index_option_1000index_qvix
2023-02-03,1000INDEX,20.3,20.15,20.37,19.69,akshare:index_option_1000index_qvix
2023-02-06,1000INDEX,20.47,20.78,20.88,20.47,akshare:index_option_1000index_qvix
2023-02-07,1000INDEX,20.48,21.04,21.07,20.37,akshare:index_option_1000index_qvix
2023-02-08,1000INDEX,19.69,20.68,20.73,19.69,akshare:index_option_1000index_qvix
2023-02-09,1000INDEX,19.74,19.9,20.1,19.52,akshare:index_option_1000index_qvix
2023-02-10,1000INDEX,20.06,19.8,20.2,19.66,akshare:index_option_1000index_qvix
2023-02-13,1000INDEX,18.93,19.09,19.77,18.71,akshare:index_option_1000index_qvix
2023-02-14,1000INDEX,18.62,18.99,18.99,18.18,akshare:index_option_1000index_qvix
2023-02-15,1000INDEX,18.31,18.67,18.81,17.8,akshare:index_option_1000index_qvix
2023-02-16,1000INDEX,19.02,18.45,19.02,17.74,akshare:index_option_1000index_qvix
2023-02-17,1000INDEX,17.96,19.19,19.3,17.96,akshare:index_option_1000index_qvix
2023-02-20,1000INDEX,19.09,18.92,19.39,18.68,akshare:index_option_1000index_qvix
2023-02-21,1000INDEX,19.04,19.3,19.94,18.84,akshare:index_option_1000index_qvix
2023-02-22,1000INDEX,19.02,19.28,19.68,18.92,akshare:index_option_1000index_qvix
2023-02-23,1000INDEX,17.98,18.35,18.61,16.12,akshare:index_option_1000index_qvix
2023-02-24,1000INDEX,17.98,18.35,18.61,16.12,akshare:index_option_1000index_qvix
2023-02-27,1000INDEX,16.98,16.98,18.76,16.98,akshare:index_option_1000index_qvix
2023-02-28,1000INDEX,16.66,18.01,18.65,16.16,akshare:index_option_1000index_qvix
2023-03-01,1000INDEX,15.0,17.18,17.75,16.85,akshare:index_option_1000index_qvix
2023-03-02,1000INDEX,17.24,17.33,17.89,16.42,akshare:index_option_1000index_qvix
2023-03-03,1000INDEX,16.69,17.49,17.71,16.69,akshare:index_option_1000index_qvix
2023-03-06,1000INDEX,16.59,17.63,17.8,16.27,akshare:index_option_1000index_qvix
2023-03-07,1000INDEX,16.98,16.81,16.98,15.93,akshare:index_option_1000index_qvix
2023-03-08,1000INDEX,16.6,17.09,17.51,16.48,akshare:index_option_1000index_qvix
2023-03-09,1000INDEX,15.94,16.92,17.35,15.86,akshare:index_option_1000index_qvix
2023-03-10,1000INDEX,16.68,16.61,17.91,16.45,akshare:index_option_1000index_qvix
2023-03-13,1000INDEX,16.33,17.63,18.51,16.18,akshare:index_option_1000index_qvix
2023-03-14,1000INDEX,17.88,16.44,18.56,16.27,akshare:index_option_1000index_qvix
2023-03-15,1000INDEX,16.23,17.5,17.56,15.59,akshare:index_option_1000index_qvix
2023-03-16,1000INDEX,17.72,16.25,18.1,16.12,akshare:index_option_1000index_qvix
2023-03-17,1000INDEX,16.71,17.29,18.07,16.67,akshare:index_option_1000index_qvix
2023-03-20,1000INDEX,17.78,17.7,18.78,17.46,akshare:index_option_1000index_qvix
2023-03-21,1000INDEX,16.85,17.89,18.09,16.84,akshare:index_option_1000index_qvix
2023-03-22,1000INDEX,17.78,17.7,18.78,17.46,akshare:index_option_1000index_qvix
2023-03-23,1000INDEX,16.23,17.5,17.56,15.59,akshare:index_option_1000index_qvix
2023-03-24,1000INDEX,15.09,16.29,16.4,15.09,akshare:index_option_1000index_qvix
2023-03-27,1000INDEX,15.65,16.04,16.14,15.63,akshare:index_option_1000index_qvix
2023-03-28,1000INDEX,15.72,15.84,16.02,15.7,akshare:index_option_1000index_qvix
2023-03-29,1000INDEX,16.09,15.84,16.28,15.84,akshare:index_option_1000index_qvix
2023-03-30,1000INDEX,16.02,16.26,16.67,15.98,akshare:index_option_1000index_qvix
2023-03-31,1000INDEX,15.97,16.25,16.35,15.92,akshare:index_option_1000index_qvix
2023-04-03,1000INDEX,17.18,16.86,17.2,16.52,akshare:index_option_1000index_qvix
2023-04-04,1000INDEX,17.27,17.4,17.69,17.15,akshare:index_option_1000index_qvix
2023-04-06,1000INDEX,17.88,17.55,18.08,17.55,akshare:index_option_1000index_qvix
2023-04-07,1000INDEX,17.6,18.08,18.45,17.58,akshare:index_option_1000index_qvix
2023-04-10,1000INDEX,17.43,18.26,18.3,17.43,akshare:index_option_1000index_qvix
2023-04-11,1000INDEX,17.3,17.61,17.61,17.12,akshare:index_option_1000index_qvix
2023-04-12,1000INDEX,17.22,17.54,17.56,16.99,akshare:index_option_1000index_qvix
2023-04-13,1000INDEX,16.8,17.23,17.23,16.58,akshare:index_option_1000index_qvix
2023-04-14,1000INDEX,17.08,17.15,17.21,16.65,akshare:index_option_1000index_qvix
2023-04-17,1000INDEX,17.0,17.62,17.62,16.78,akshare:index_option_1000index_qvix
2023-04-18,1000INDEX,16.47,16.93,17.09,16.45,akshare:index_option_1000index_qvix
2023-04-19,1000INDEX,15.11,15.3,15.43,14.82,akshare:index_option_1000index_qvix
2023-04-20,1000INDEX,15.62,16.31,16.32,15.45,akshare:index_option_1000index_qvix
2023-04-21,1000INDEX,15.59,14.81,15.72,14.38,akshare:index_option_1000index_qvix
2023-04-24,1000INDEX,16.97,16.4,17.37,16.31,akshare:index_option_1000index_qvix
2023-04-25,1000INDEX,17.89,17.21,20.65,17.21,akshare:index_option_1000index_qvix
2023-04-26,1000INDEX,17.65,18.13,18.44,17.3,akshare:index_option_1000index_qvix
2023-04-27,1000INDEX,17.41,18.02,18.34,17.08,akshare:index_option_1000index_qvix
2023-04-28,1000INDEX,16.17,17.69,17.69,16.17,akshare:index_option_1000index_qvix
2023-05-04,1000INDEX,17.04,17.88,17.88,17.04,akshare:index_option_1000index_qvix
2023-05-05,1000INDEX,17.06,17.27,17.53,17.03,akshare:index_option_1000index_qvix
2023-05-08,1000INDEX,17.04,17.76,17.91,16.85,akshare:index_option_1000index_qvix
2023-05-09,1000INDEX,17.75,17.24,17.78,17.1,akshare:index_option_1000index_qvix
2023-05-10,1000INDEX,17.59,17.84,17.98,17.29,akshare:index_option_1000index_qvix
2023-05-11,1000INDEX,17.2,17.58,17.71,17.13,akshare:index_option_1000index_qvix
2023-05-12,1000INDEX,17.51,17.31,17.88,16.96,akshare:index_option_1000index_qvix
2023-05-15,1000INDEX,16.9,18.14,18.39,16.87,akshare:index_option_1000index_qvix
2023-05-16,1000INDEX,17.74,17.08,18.12,17.0,akshare:index_option_1000index_qvix
2023-05-17,1000INDEX,17.51,17.99,18.12,17.32,akshare:index_option_1000index_qvix
2023-05-18,1000INDEX,17.08,17.59,17.59,16.82,akshare:index_option_1000index_qvix
2023-05-19,1000INDEX,15.75,17.1,17.29,15.62,akshare:index_option_1000index_qvix
2023-05-22,1000INDEX,14.94,16.19,16.54,14.94,akshare:index_option_1000index_qvix
2023-05-23,1000INDEX,15.91,15.17,15.91,15.11,akshare:index_option_1000index_qvix
2023-05-24,1000INDEX,15.96,16.32,16.98,15.58,akshare:index_option_1000index_qvix
2023-05-25,1000INDEX,16.53,16.23,17.69,16.22,akshare:index_option_1000index_qvix
2023-05-26,1000INDEX,15.57,16.82,17.37,15.5,akshare:index_option_1000index_qvix
2023-05-29,1000INDEX,16.36,16.09,16.66,15.99,akshare:index_option_1000index_qvix
2023-05-30,1000INDEX,15.82,16.63,17.01,15.77,akshare:index_option_1000index_qvix
2023-05-31,1000INDEX,16.39,16.61,17.08,16.39,akshare:index_option_1000index_qvix
2023-06-01,1000INDEX,15.85,16.57,16.65,15.75,akshare:index_option_1000index_qvix
2023-06-02,1000INDEX,12.77,14.2,14.2,12.6,akshare:index_option_1000index_qvix
2023-06-05,1000INDEX,12.77,14.2,14.2,12.6,akshare:index_option_1000index_qvix
2023-06-06,1000INDEX,15.4,13.07,16.51,12.57,akshare:index_option_1000index_qvix
2023-06-07,1000INDEX,15.27,15.74,16.15,14.61,akshare:index_option_1000index_qvix
2023-06-08,1000INDEX,16.27,15.62,18.11,15.0,akshare:index_option_1000index_qvix
2023-06-09,1000INDEX,14.67,16.28,16.54,13.98,akshare:index_option_1000index_qvix
2023-06-12,1000INDEX,14.01,15.61,15.61,13.63,akshare:index_option_1000index_qvix
2023-06-13,1000INDEX,13.89,14.39,14.45,13.87,akshare:index_option_1000index_qvix
2023-06-14,1000INDEX,17.75,17.24,17.78,17.1,akshare:index_option_1000index_qvix
2023-06-15,1000INDEX,13.33,13.93,13.99,12.95,akshare:index_option_1000index_qvix
2023-06-16,1000INDEX,13.37,13.69,13.96,13.0,akshare:index_option_1000index_qvix
2023-06-19,1000INDEX,13.96,14.33,14.33,13.79,akshare:index_option_1000index_qvix
2023-06-20,1000INDEX,13.87,14.22,14.38,13.78,akshare:index_option_1000index_qvix
2023-06-21,1000INDEX,14.23,14.19,14.35,13.59,akshare:index_option_1000index_qvix
2023-06-26,1000INDEX,16.73,15.66,17.07,15.58,akshare:index_option_1000index_qvix
2023-06-27,1000INDEX,15.66,16.8,16.8,15.6,akshare:index_option_1000index_qvix
2023-06-28,1000INDEX,15.67,15.86,17.73,15.67,akshare:index_option_1000index_qvix
2023-06-29,1000INDEX,15.58,15.91,16.05,15.27,akshare:index_option_1000index_qvix
2023-06-30,1000INDEX,15.07,15.81,15.93,15.07,akshare:index_option_1000index_qvix
2023-07-03,1000INDEX,15.6,15.66,15.99,15.52,akshare:index_option_1000index_qvix
2023-07-04,1000INDEX,15.52,15.79,16.03,15.51,akshare:index_option_1000index_qvix
2023-07-05,1000INDEX,15.82,15.7,15.91,15.69,akshare:index_option_1000index_qvix
2023-07-06,1000INDEX,16.29,16.18,16.46,15.75,akshare:index_option_1000index_qvix
2023-07-07,1000INDEX,16.44,16.56,16.92,16.22,akshare:index_option_1000index_qvix
2023-07-10,1000INDEX,16.79,16.92,17.12,16.32,akshare:index_option_1000index_qvix
2023-07-11,1000INDEX,15.9,16.88,16.92,15.84,akshare:index_option_1000index_qvix
2023-07-12,1000INDEX,16.85,16.04,16.86,15.93,akshare:index_option_1000index_qvix
2023-07-13,1000INDEX,16.01,16.01,16.17,16.01,akshare:index_option_1000index_qvix
2023-07-14,1000INDEX,15.9,16.39,16.44,15.87,akshare:index_option_1000index_qvix
2023-07-17,1000INDEX,16.0,16.35,16.66,16.0,akshare:index_option_1000index_qvix
2023-07-18,1000INDEX,15.99,16.05,16.39,15.61,akshare:index_option_1000index_qvix
2023-07-19,1000INDEX,16.4,16.22,16.66,15.82,akshare:index_option_1000index_qvix
2023-07-20,1000INDEX,16.0,16.3,16.3,16.0,akshare:index_option_1000index_qvix
2023-07-21,1000INDEX,15.28,16.12,16.26,15.2,akshare:index_option_1000index_qvix
2023-07-24,1000INDEX,16.0,16.11,16.24,16.09,akshare:index_option_1000index_qvix
2023-07-25,1000INDEX,15.69,15.77,15.95,15.69,akshare:index_option_1000index_qvix
2023-07-26,1000INDEX,16.05,16.24,16.41,16.05,akshare:index_option_1000index_qvix
2023-07-27,1000INDEX,16.04,16.34,16.41,16.04,akshare:index_option_1000index_qvix
2023-07-28,1000INDEX,16.11,16.58,16.68,16.11,akshare:index_option_1000index_qvix
2023-07-31,1000INDEX,17.42,17.27,18.1,17.27,akshare:index_option_1000index_qvix
2023-08-01,1000INDEX,17.61,17.61,17.92,17.61,akshare:index_option_1000index_qvix
2023-08-02,1000INDEX,17.68,17.68,17.9,17.46,akshare:index_option_1000index_qvix
2023-08-03,1000INDEX,17.68,17.68,17.9,17.46,akshare:index_option_1000index_qvix
2023-08-04,1000INDEX,17.68,17.68,17.9,17.46,akshare:index_option_1000index_qvix
2023-08-07,1000INDEX,17.61,17.61,17.92,17.61,akshare:index_option_1000index_qvix
2023-08-08,1000INDEX,17.41,17.67,17.79,17.41,akshare:index_option_1000index_qvix
2023-08-09,1000INDEX,17.8,17.69,17.95,17.59,akshare:index_option_1000index_qvix
2023-08-10,1000INDEX,17.62,17.97,18.06,17.5,akshare:index_option_1000index_qvix
2023-08-11,1000INDEX,18.74,17.85,18.8,17.57,akshare:index_option_1000index_qvix
2023-08-14,1000INDEX,19.83,19.42,19.83,17.41,akshare:index_option_1000index_qvix
2023-08-15,1000INDEX,18.42,17.8,19.49,17.8,akshare:index_option_1000index_qvix
2023-08-16,1000INDEX,19.65,18.84,19.65,18.45,akshare:index_option_1000index_qvix
2023-08-17,1000INDEX,18.91,20.06,20.77,18.56,akshare:index_option_1000index_qvix
2023-08-18,1000INDEX,20.74,19.22,20.74,18.89,akshare:index_option_1000index_qvix
2023-08-21,1000INDEX,20.12,19.36,20.21,18.59,akshare:index_option_1000index_qvix
2023-08-22,1000INDEX,19.37,19.86,21.17,19.09,akshare:index_option_1000index_qvix
2023-08-23,1000INDEX,21.18,19.83,21.18,19.83,akshare:index_option_1000index_qvix
2023-08-24,1000INDEX,20.0,21.0,21.0,20.0,akshare:index_option_1000index_qvix
2023-08-25,1000INDEX,20.93,21.3,21.85,20.93,akshare:index_option_1000index_qvix
2023-08-28,1000INDEX,19.37,19.86,21.17,19.09,akshare:index_option_1000index_qvix
2023-08-29,1000INDEX,20.97,21.24,21.42,20.97,akshare:index_option_1000index_qvix
2023-08-30,1000INDEX,20.97,21.24,21.42,20.97,akshare:index_option_1000index_qvix
2023-08-31,1000INDEX,19.48,20.0,20.27,19.48,akshare:index_option_1000index_qvix
2023-09-01,1000INDEX,19.33,19.56,19.66,19.33,akshare:index_option_1000index_qvix
2023-09-04,1000INDEX,18.08,19.09,19.47,18.08,akshare:index_option_1000index_qvix
2023-09-05,1000INDEX,18.41,18.45,18.71,18.22,akshare:index_option_1000index_qvix
2023-09-06,1000INDEX,18.22,18.98,19.0,18.15,akshare:index_option_1000index_qvix
2023-09-07,1000INDEX,19.33,18.5,19.43,18.5,akshare:index_option_1000index_qvix
2023-09-08,1000INDEX,18.8,19.62,19.74,18.8,akshare:index_option_1000index_qvix
2023-09-11,1000INDEX,19.33,19.56,19.66,19.33,akshare:index_option_1000index_qvix
2023-09-12,1000INDEX,18.14,18.53,18.68,18.01,akshare:index_option_1000index_qvix
2023-09-13,1000INDEX,18.41,18.45,18.71,18.22,akshare:index_option_1000index_qvix
2023-09-14,1000INDEX,19.33,18.5,19.43,18.5,akshare:index_option_1000index_qvix
2023-09-15,1000INDEX,18.94,19.17,19.64,18.94,akshare:index_option_1000index_qvix
2023-09-18,1000INDEX,19.33,18.5,19.43,18.5,akshare:index_option_1000index_qvix
2023-09-19,1000INDEX,16.73,16.74,17.56,16.73,akshare:index_option_1000index_qvix
2023-09-20,1000INDEX,17.17,17.42,17.62,17.17,akshare:index_option_1000index_qvix
2023-09-21,1000INDEX,17.78,17.78,18.75,17.78,akshare:index_option_1000index_qvix
2023-09-22,1000INDEX,16.85,18.03,18.03,16.85,akshare:index_option_1000index_qvix
2023-09-25,1000INDEX,18.22,18.98,19.0,18.15,akshare:index_option_1000index_qvix
2023-09-26,1000INDEX,17.57,17.83,18.12,17.55,akshare:index_option_1000index_qvix
2023-09-27,1000INDEX,17.28,17.83,17.96,17.28,akshare:index_option_1000index_qvix
2023-09-28,1000INDEX,16.77,17.72,18.0,16.45,akshare:index_option_1000index_qvix
2023-10-09,1000INDEX,16.94,18.76,18.76,16.94,akshare:index_option_1000index_qvix
2023-10-10,1000INDEX,16.65,17.32,17.32,16.62,akshare:index_option_1000index_qvix
2023-10-11,1000INDEX,15.9,16.58,16.83,15.8,akshare:index_option_1000index_qvix
2023-10-12,1000INDEX,15.83,16.36,16.36,15.65,akshare:index_option_1000index_qvix
2023-10-13,1000INDEX,15.49,15.9,15.9,15.48,akshare:index_option_1000index_qvix
2023-10-16,1000INDEX,16.35,15.95,16.52,15.78,akshare:index_option_1000index_qvix
2023-10-17,1000INDEX,16.37,16.41,16.89,16.28,akshare:index_option_1000index_qvix
2023-10-18,1000INDEX,17.1,16.66,17.25,16.46,akshare:index_option_1000index_qvix
2023-10-19,1000INDEX,18.72,17.09,18.81,16.9,akshare:index_option_1000index_qvix
2023-10-20,1000INDEX,19.46,19.19,19.91,18.19,akshare:index_option_1000index_qvix
2023-10-23,1000INDEX,22.23,20.7,23.12,20.54,akshare:index_option_1000index_qvix
2023-10-24,1000INDEX,20.34,22.01,22.88,20.27,akshare:index_option_1000index_qvix
2023-10-25,1000INDEX,18.57,20.21,20.21,18.39,akshare:index_option_1000index_qvix
2023-10-26,1000INDEX,17.91,18.91,19.32,17.83,akshare:index_option_1000index_qvix
2023-10-27,1000INDEX,17.0,18.14,18.39,16.94,akshare:index_option_1000index_qvix
2023-10-30,1000INDEX,17.25,17.65,18.14,17.25,akshare:index_option_1000index_qvix
2023-10-31,1000INDEX,17.33,17.46,17.76,17.08,akshare:index_option_1000index_qvix
2023-11-01,1000INDEX,17.38,17.54,17.97,17.36,akshare:index_option_1000index_qvix
2023-11-02,1000INDEX,17.35,17.62,17.89,17.35,akshare:index_option_1000index_qvix
2023-11-03,1000INDEX,16.82,17.33,17.54,16.69,akshare:index_option_1000index_qvix
2023-11-06,1000INDEX,17.53,17.26,17.94,17.0,akshare:index_option_1000index_qvix
2023-11-07,1000INDEX,17.78,17.49,18.1,17.48,akshare:index_option_1000index_qvix
2023-11-08,1000INDEX,17.32,18.0,18.14,17.22,akshare:index_option_1000index_qvix
2023-11-09,1000INDEX,17.13,17.48,17.99,17.1,akshare:index_option_1000index_qvix
2023-11-10,1000INDEX,17.33,17.2,17.79,17.1,akshare:index_option_1000index_qvix
2023-11-13,1000INDEX,17.37,17.81,18.04,17.35,akshare:index_option_1000index_qvix
2023-11-14,1000INDEX,17.6,17.63,17.86,17.13,akshare:index_option_1000index_qvix
2023-11-15,1000INDEX,17.08,17.96,17.96,17.08,akshare:index_option_1000index_qvix
2023-11-16,1000INDEX,17.15,17.09,17.5,17.03,akshare:index_option_1000index_qvix
2023-11-17,1000INDEX,16.83,17.23,17.58,16.59,akshare:index_option_1000index_qvix
2023-11-20,1000INDEX,16.09,16.82,16.82,16.09,akshare:index_option_1000index_qvix
2023-11-21,1000INDEX,16.66,17.14,17.35,16.29,akshare:index_option_1000index_qvix
2023-11-22,1000INDEX,16.96,16.85,16.97,16.57,akshare:index_option_1000index_qvix
2023-11-23,1000INDEX,16.67,17.19,17.3,16.45,akshare:index_option_1000index_qvix
2023-11-24,1000INDEX,16.51,16.82,17.08,16.5,akshare:index_option_1000index_qvix
2023-11-27,1000INDEX,17.11,17.23,17.54,16.99,akshare:index_option_1000index_qvix
2023-11-28,1000INDEX,16.85,17.3,17.52,16.8,akshare:index_option_1000index_qvix
2023-11-29,1000INDEX,16.99,17.15,17.26,16.92,akshare:index_option_1000index_qvix
2023-11-30,1000INDEX,16.85,17.27,17.39,16.82,akshare:index_option_1000index_qvix
2023-12-01,1000INDEX,16.75,17.05,17.52,16.72,akshare:index_option_1000index_qvix
2023-12-04,1000INDEX,17.55,17.43,17.77,17.33,akshare:index_option_1000index_qvix
2023-12-05,1000INDEX,18.54,17.97,18.71,17.89,akshare:index_option_1000index_qvix
2023-12-06,1000INDEX,18.12,18.65,18.86,17.98,akshare:index_option_1000index_qvix
2023-12-07,1000INDEX,18.22,18.47,18.88,17.95,akshare:index_option_1000index_qvix
2023-12-08,1000INDEX,18.06,18.5,18.61,18.01,akshare:index_option_1000index_qvix
2023-12-11,1000INDEX,17.8,19.04,19.39,17.69,akshare:index_option_1000index_qvix
2023-12-12,1000INDEX,17.54,18.06,18.18,17.46,akshare:index_option_1000index_qvix
2023-12-13,1000INDEX,17.58,17.59,17.76,17.41,akshare:index_option_1000index_qvix
2023-12-14,1000INDEX,17.58,17.59,17.76,17.41,akshare:index_option_1000index_qvix
2023-12-15,1000INDEX,17.58,17.59,17.76,17.41,akshare:index_option_1000index_qvix
2023-12-18,1000INDEX,18.54,17.97,18.71,17.89,akshare:index_option_1000index_qvix
2023-12-19,1000INDEX,17.58,17.59,17.76,17.41,akshare:index_option_1000index_qvix
2023-12-20,1000INDEX,19.44,18.88,19.64,18.74,akshare:index_option_1000index_qvix
2023-12-21,1000INDEX,19.44,18.88,19.64,18.74,akshare:index_option_1000index_qvix
2023-12-22,1000INDEX,19.19,19.23,19.71,18.27,akshare:index_option_1000index_qvix
2023-12-25,1000INDEX,19.31,19.51,20.25,19.3,akshare:index_option_1000index_qvix
2023-12-26,1000INDEX,20.18,20.3,20.59,20.18,akshare:index_option_1000index_qvix
2023-12-27,1000INDEX,19.71,20.62,20.84,19.6,akshare:index_option_1000index_qvix
2023-12-28,1000INDEX,19.71,20.62,20.84,19.6,akshare:index_option_1000index_qvix
2023-12-29,1000INDEX,17.87,19.14,19.14,17.83,akshare:index_option_1000index_qvix
2024-01-02,1000INDEX,18.04,18.75,19.0,18.01,akshare:index_option_1000index_qvix
2024-01-03,1000INDEX,17.96,18.28,18.41,17.95,akshare:index_option_1000index_qvix
2024-01-04,1000INDEX,18.52,18.39,19.04,18.28,akshare:index_option_1000index_qvix
2024-01-05,1000INDEX,19.26,18.79,19.84,18.55,akshare:index_option_1000index_qvix
2024-01-08,1000INDEX,19.71,20.62,20.84,19.6,akshare:index_option_1000index_qvix
2024-01-09,1000INDEX,20.48,22.0,22.39,20.46,akshare:index_option_1000index_qvix
2024-01-10,1000INDEX,20.48,22.0,22.39,20.46,akshare:index_option_1000index_qvix
2024-01-11,1000INDEX,21.46,21.87,22.04,21.4,akshare:index_option_1000index_qvix
2024-01-12,1000INDEX,20.89,21.74,21.87,20.84,akshare:index_option_1000index_qvix
2024-01-15,1000INDEX,20.88,21.64,21.79,20.86,akshare:index_option_1000index_qvix
2024-01-16,1000INDEX,21.0,21.46,21.61,20.97,akshare:index_option_1000index_qvix
2024-01-17,1000INDEX,18.84,21.23,21.86,18.84,akshare:index_option_1000index_qvix
2024-01-18,1000INDEX,20.71,20.91,22.1,20.71,akshare:index_option_1000index_qvix
2024-01-19,1000INDEX,19.83,19.9,21.11,18.91,akshare:index_option_1000index_qvix
2024-01-22,1000INDEX,19.83,19.9,21.11,18.91,akshare:index_option_1000index_qvix
2024-01-23,1000INDEX,22.0,20.0,22.0,20.0,akshare:index_option_1000index_qvix
2024-01-24,1000INDEX,20.29,21.72,21.72,20.29,akshare:index_option_1000index_qvix
2024-01-25,1000INDEX,23.68,20.13,23.75,20.13,akshare:index_option_1000index_qvix
2024-01-26,1000INDEX,22.21,23.57,23.6,21.86,akshare:index_option_1000index_qvix
2024-01-29,1000INDEX,20.88,23.39,23.53,19.94,akshare:index_option_1000index_qvix
2024-01-30,1000INDEX,21.0,20.54,22.94,20.0,akshare:index_option_1000index_qvix
2024-01-31,1000INDEX,19.12,19.76,21.0,19.12,akshare:index_option_1000index_qvix
2024-02-01,1000INDEX,22.0,24.46,24.69,22.0,akshare:index_option_1000index_qvix
2024-02-02,1000INDEX,30.0,23.0,31.0,23.0,akshare:index_option_1000index_qvix
2024-02-05,1000INDEX,30.5,34.31,34.31,30.49,akshare:index_option_1000index_qvix
2024-02-06,1000INDEX,31.99,34.43,34.43,31.99,akshare:index_option_1000index_qvix
2024-02-07,1000INDEX,36.0,37.25,37.25,34.17,akshare:index_option_1000index_qvix
2024-02-08,1000INDEX,37.44,37.39,39.39,35.37,akshare:index_option_1000index_qvix
2024-02-19,1000INDEX,36.75,41.09,41.09,35.68,akshare:index_option_1000index_qvix
2024-02-20,1000INDEX,30.88,36.84,37.23,30.46,akshare:index_option_1000index_qvix
2024-02-21,1000INDEX,30.84,30.31,32.17,29.51,akshare:index_option_1000index_qvix
2024-02-22,1000INDEX,31.33,31.59,32.54,31.15,akshare:index_option_1000index_qvix
2024-02-23,1000INDEX,31.36,32.32,32.55,31.29,akshare:index_option_1000index_qvix
2024-02-26,1000INDEX,31.52,32.28,32.39,30.89,akshare:index_option_1000index_qvix
2024-02-27,1000INDEX,29.64,30.89,31.11,29.44,akshare:index_option_1000index_qvix
2024-02-28,1000INDEX,33.51,30.02,33.51,29.67,akshare:index_option_1000index_qvix
2024-02-29,1000INDEX,31.58,32.92,33.63,31.58,akshare:index_option_1000index_qvix
2024-03-01,1000INDEX,31.62,32.52,33.79,31.62,akshare:index_option_1000index_qvix
2024-03-04,1000INDEX,32.84,33.07,34.61,32.84,akshare:index_option_1000index_qvix
2024-03-05,1000INDEX,33.03,33.74,33.89,32.42,akshare:index_option_1000index_qvix
2024-03-06,1000INDEX,31.09,33.38,33.53,31.09,akshare:index_option_1000index_qvix
2024-03-07,1000INDEX,30.96,31.68,31.68,30.09,akshare:index_option_1000index_qvix
2024-03-08,1000INDEX,27.74,31.33,31.33,27.74,akshare:index_option_1000index_qvix
2024-03-11,1000INDEX,26.99,28.47,28.94,26.93,akshare:index_option_1000index_qvix
2024-03-12,1000INDEX,26.4,27.49,27.52,26.39,akshare:index_option_1000index_qvix
2024-03-13,1000INDEX,26.4,27.49,27.52,26.39,akshare:index_option_1000index_qvix
2024-03-14,1000INDEX,25.4,26.33,26.92,25.4,akshare:index_option_1000index_qvix
2024-03-15,1000INDEX,25.66,26.78,26.78,24.6,akshare:index_option_1000index_qvix
2024-03-18,1000INDEX,25.44,26.47,26.76,25.43,akshare:index_option_1000index_qvix
2024-03-19,1000INDEX,25.58,25.7,26.27,25.48,akshare:index_option_1000index_qvix
2024-03-20,1000INDEX,25.32,25.58,25.9,25.09,akshare:index_option_1000index_qvix
2024-03-21,1000INDEX,25.23,25.59,25.61,24.81,akshare:index_option_1000index_qvix
2024-03-22,1000INDEX,25.11,25.44,26.21,25.09,akshare:index_option_1000index_qvix
2024-03-25,1000INDEX,25.78,25.92,26.32,25.53,akshare:index_option_1000index_qvix
2024-03-26,1000INDEX,26.45,25.87,26.85,25.5,akshare:index_option_1000index_qvix
2024-03-27,1000INDEX,30.46,26.74,30.46,26.74,akshare:index_option_1000index_qvix
2024-03-28,1000INDEX,27.76,30.6,30.6,27.7,akshare:index_option_1000index_qvix
2024-03-29,1000INDEX,27.76,30.6,30.6,27.7,akshare:index_option_1000index_qvix
2024-04-01,1000INDEX,25.88,27.31,27.31,25.74,akshare:index_option_1000index_qvix
2024-04-02,1000INDEX,25.98,26.26,26.5,25.86,akshare:index_option_1000index_qvix
2024-04-03,1000INDEX,25.46,26.33,27.09,25.43,akshare:index_option_1000index_qvix
2024-04-08,1000INDEX,26.94,27.23,27.58,26.3,akshare:index_option_1000index_qvix
2024-04-09,1000INDEX,26.44,27.35,27.37,26.22,akshare:index_option_1000index_qvix
2024-04-10,1000INDEX,26.44,27.35,27.37,26.22,akshare:index_option_1000index_qvix
2024-04-11,1000INDEX,25.6,27.11,27.32,25.47,akshare:index_option_1000index_qvix
2024-04-12,1000INDEX,25.25,25.65,26.08,24.97,akshare:index_option_1000index_qvix
2024-04-15,1000INDEX,27.22,26.53,29.04,25.97,akshare:index_option_1000index_qvix
2024-04-16,1000INDEX,32.01,28.55,32.03,28.55,akshare:index_option_1000index_qvix
2024-04-17,1000INDEX,29.47,30.68,31.27,28.76,akshare:index_option_1000index_qvix
2024-04-18,1000INDEX,26.45,25.87,26.85,25.5,akshare:index_option_1000index_qvix
2024-04-19,1000INDEX,26.4,27.49,27.52,26.39,akshare:index_option_1000index_qvix
2024-04-22,1000INDEX,28.24,29.33,29.48,28.24,akshare:index_option_1000index_qvix
2024-04-23,1000INDEX,27.45,28.3,28.44,27.45,akshare:index_option_1000index_qvix
2024-04-24,1000INDEX,26.44,27.35,27.37,26.22,akshare:index_option_1000index_qvix
2024-04-25,1000INDEX,26.27,27.98,28.21,26.08,akshare:index_option_1000index_qvix
2024-04-26,1000INDEX,24.84,25.56,25.69,24.54,akshare:index_option_1000index_qvix
2024-04-29,1000INDEX,25.72,26.09,27.02,25.72,akshare:index_option_1000index_qvix
2024-04-30,1000INDEX,24.89,25.86,26.45,24.6,akshare:index_option_1000index_qvix
2024-05-06,1000INDEX,26.02,26.22,26.38,26.02,akshare:index_option_1000index_qvix
2024-05-07,1000INDEX,25.52,25.96,26.18,25.52,akshare:index_option_1000index_qvix
2024-05-08,1000INDEX,24.8,25.36,25.43,24.8,akshare:index_option_1000index_qvix
2024-05-09,1000INDEX,24.83,25.09,25.59,24.83,akshare:index_option_1000index_qvix
2024-05-10,1000INDEX,24.81,25.11,25.62,24.81,akshare:index_option_1000index_qvix
2024-05-13,1000INDEX,25.46,26.33,27.09,25.43,akshare:index_option_1000index_qvix
2024-05-14,1000INDEX,25.56,25.91,26.18,25.56,akshare:index_option_1000index_qvix
2024-05-15,1000INDEX,25.61,25.66,26.14,25.61,akshare:index_option_1000index_qvix
2024-05-16,1000INDEX,24.51,25.1,25.18,24.51,akshare:index_option_1000index_qvix
2024-05-17,1000INDEX,23.42,24.12,24.25,23.42,akshare:index_option_1000index_qvix
2024-05-20,1000INDEX,24.0,24.0,24.5,24.0,akshare:index_option_1000index_qvix
2024-05-21,1000INDEX,23.76,24.17,24.28,23.76,akshare:index_option_1000index_qvix
2024-05-22,1000INDEX,23.63754658390079,23.63754658390079,23.63754658390079,23.63754658390079,sina:option_cffex_zz1000_daily_sina
2024-05-23,1000INDEX,24.39834842255474,24.39834842255474,24.39834842255474,24.39834842255474,sina:option_cffex_zz1000_daily_sina
2024-05-24,1000INDEX,25.026946401656847,25.026946401656847,25.026946401656847,25.026946401656847,sina:option_cffex_zz1000_daily_sina
2024-05-27,1000INDEX,24.17972616864476,24.17972616864476,24.17972616864476,24.17972616864476,sina:option_cffex_zz1000_daily_sina
2024-05-28,1000INDEX,23.76,24.17,24.28,23.76,akshare:index_option_1000index_qvix
2024-05-29,1000INDEX,23.4941931656604,23.4941931656604,23.4941931656604,23.4941931656604,sina:option_cffex_zz1000_daily_sina
2024-05-30,1000INDEX,23.12696664464055,23.12696664464055,23.12696664464055,23.12696664464055,sina:option_cffex_zz1000_daily_sina
2024-05-31,1000INDEX,22.129510432960544,22.129510432960544,22.129510432960544,22.129510432960544,sina:option_cffex_zz1000_daily_sina
2024-06-03,1000INDEX,22.78,23.47,23.56,22.78,akshare:index_option_1000index_qvix
2024-06-04,1000INDEX,22.81,24.03,24.38,22.71,akshare:index_option_1000index_qvix
2024-06-05,1000INDEX,23.55,22.96,23.55,22.79,akshare:index_option_1000index_qvix
2024-06-06,1000INDEX,25.33,23.98,26.22,23.48,akshare:index_option_1000index_qvix
2024-06-07,1000INDEX,24.28,25.12,27.21,24.28,akshare:index_option_1000index_qvix
2024-06-11,1000INDEX,24.08,26.0,26.47,23.58,akshare:index_option_1000index_qvix
2024-06-12,1000INDEX,24.08,26.0,26.47,23.58,akshare:index_option_1000index_qvix
2024-06-13,1000INDEX,22.89,24.03,24.14,22.87,akshare:index_option_1000index_qvix
2024-06-14,1000INDEX,22.19,23.13,23.44,22.11,akshare:index_option_1000index_qvix
2024-06-17,1000INDEX,22.51,23.07,23.68,22.51,akshare:index_option_1000index_qvix
2024-06-18,1000INDEX,22.13,22.92,23.26,22.13,akshare:index_option_1000index_qvix
2024-06-19,1000INDEX,22.77,22.41,23.1,22.22,akshare:index_option_1000index_qvix
2024-06-20,1000INDEX,23.03,22.89,23.97,22.29,akshare:index_option_1000index_qvix
2024-06-21,1000INDEX,22.7,24.1,24.45,22.2,akshare:index_option_1000index_qvix
2024-06-24,1000INDEX,24.63,23.43,25.5,23.33,akshare:index_option_1000index_qvix
2024-06-25,1000INDEX,25.22,24.89,26.16,24.77,akshare:index_option_1000index_qvix
2024-06-26,1000INDEX,24.15,26.05,26.22,23.88,akshare:index_option_1000index_qvix
2024-06-27,1000INDEX,24.52,24.48,24.93,24.28,akshare:index_option_1000index_qvix
2024-06-28,1000INDEX,24.3,25.05,25.05,23.91,akshare:index_option_1000index_qvix
2024-07-01,1000INDEX,24.45,25.2,25.63,24.13,akshare:index_option_1000index_qvix
2024-07-02,1000INDEX,23.8,24.72,24.94,23.79,akshare:index_option_1000index_qvix
2024-07-03,1000INDEX,23.02,24.17,24.3,23.02,akshare:index_option_1000index_qvix
2024-07-04,1000INDEX,23.03,23.22,23.48,22.79,akshare:index_option_1000index_qvix
2024-07-05,1000INDEX,22.5,23.39,23.94,22.43,akshare:index_option_1000index_qvix
2024-07-08,1000INDEX,23.2,23.37,23.85,22.92,akshare:index_option_1000index_qvix
2024-07-09,1000INDEX,23.33,23.56,23.76,23.25,akshare:index_option_1000index_qvix
2024-07-10,1000INDEX,23.33,23.56,23.76,23.25,akshare:index_option_1000index_qvix
2024-07-11,1000INDEX,23.57,23.99,24.35,23.34,akshare:index_option_1000index_qvix
2024-07-12,1000INDEX,23.26,23.85,23.99,23.2,akshare:index_option_1000index_qvix
2024-07-15,1000INDEX,22.73,24.33,24.33,22.59,akshare:index_option_1000index_qvix
2024-07-16,1000INDEX,22.16,23.08,23.1,21.99,akshare:index_option_1000index_qvix
2024-07-17,1000INDEX,22.76,22.44,22.82,22.34,akshare:index_option_1000index_qvix
2024-07-18,1000INDEX,23.76,23.07,23.76,22.32,akshare:index_option_1000index_qvix
2024-07-19,1000INDEX,22.94,23.53,23.91,22.77,akshare:index_option_1000index_qvix
2024-07-22,1000INDEX,23.39,24.23,24.26,23.24,akshare:index_option_1000index_qvix
2024-07-23,1000INDEX,23.79,23.67,23.79,23.32,akshare:index_option_1000index_qvix
2024-07-24,1000INDEX,23.73,24.24,24.28,23.65,akshare:index_option_1000index_qvix
2024-07-25,1000INDEX,23.64,24.32,24.57,23.54,akshare:index_option_1000index_qvix
2024-07-26,1000INDEX,23.2,23.37,23.85,22.92,akshare:index_option_1000index_qvix
2024-07-29,1000INDEX,23.08,23.83,23.83,23.08,akshare:index_option_1000index_qvix
2024-07-30,1000INDEX,22.82,23.3,23.51,22.72,akshare:index_option_1000index_qvix
2024-07-31,1000INDEX,23.71,23.06,24.08,22.77,akshare:index_option_1000index_qvix
2024-08-01,1000INDEX,23.23,24.26,24.58,23.16,akshare:index_option_1000index_qvix
2024-08-02,1000INDEX,23.57,23.48,23.83,23.25,akshare:index_option_1000index_qvix
2024-08-05,1000INDEX,26.46,24.98,27.06,24.53,akshare:index_option_1000index_qvix
2024-08-06,1000INDEX,25.4,26.69,26.69,25.05,akshare:index_option_1000index_qvix
2024-08-07,1000INDEX,24.47,25.65,25.99,24.47,akshare:index_option_1000index_qvix
2024-08-08,1000INDEX,23.77,24.79,25.0,23.66,akshare:index_option_1000index_qvix
2024-08-09,1000INDEX,23.53,24.1,24.1,23.41,akshare:index_option_1000index_qvix
2024-08-12,1000INDEX,23.33,24.57,24.57,23.26,akshare:index_option_1000index_qvix
2024-08-13,1000INDEX,23.35,23.47,23.67,23.02,akshare:index_option_1000index_qvix
2024-08-14,1000INDEX,23.77,24.79,25.0,23.66,akshare:index_option_1000index_qvix
2024-08-15,1000INDEX,23.33,24.57,24.57,23.26,akshare:index_option_1000index_qvix
2024-08-16,1000INDEX,22.5,22.31,23.0,22.0,akshare:index_option_1000index_qvix
2024-08-19,1000INDEX,22.2,22.31,22.38,21.82,akshare:index_option_1000index_qvix
2024-08-20,1000INDEX,21.91,21.85,22.12,21.38,akshare:index_option_1000index_qvix
2024-08-21,1000INDEX,22.5,22.1,23.0,21.82,akshare:index_option_1000index_qvix
2024-08-22,1000INDEX,22.87,22.33,22.9,22.0,akshare:index_option_1000index_qvix
2024-08-23,1000INDEX,22.68,23.19,23.54,22.64,akshare:index_option_1000index_qvix
2024-08-26,1000INDEX,22.53,23.23,23.35,22.25,akshare:index_option_1000index_qvix
2024-08-27,1000INDEX,22.55,22.86,22.86,22.25,akshare:index_option_1000index_qvix
2024-08-28,1000INDEX,22.5,22.84,23.01,22.34,akshare:index_option_1000index_qvix
2024-08-29,1000INDEX,21.85,22.81,22.97,21.81,akshare:index_option_1000index_qvix
2024-08-30,1000INDEX,20.53,22.06,22.21,20.46,akshare:index_option_1000index_qvix
2024-09-02,1000INDEX,21.89,21.58,21.9,21.26,akshare:index_option_1000index_qvix
2024-09-03,1000INDEX,22.4,22.31,22.8,21.5,akshare:index_option_1000index_qvix
2024-09-04,1000INDEX,21.82,21.99,22.28,21.68,akshare:index_option_1000index_qvix
2024-09-05,1000INDEX,21.59,22.05,22.14,21.52,akshare:index_option_1000index_qvix
2024-09-06,1000INDEX,23.57,23.48,23.83,23.25,akshare:index_option_1000index_qvix
2024-09-09,1000INDEX,22.8,23.0,23.0,22.7,akshare:index_option_1000index_qvix
2024-09-10,1000INDEX,22.67,22.59,23.11,22.52,akshare:index_option_1000index_qvix
2024-09-11,1000INDEX,26.46,24.98,27.06,24.53,akshare:index_option_1000index_qvix
2024-09-12,1000INDEX,21.96,22.1,22.21,21.71,akshare:index_option_1000index_qvix
2024-09-13,1000INDEX,22.4,22.0,22.5,22.0,akshare:index_option_1000index_qvix
2024-09-18,1000INDEX,22.17,22.04,22.58,21.64,akshare:index_option_1000index_qvix
2024-09-19,1000INDEX,22.31,22.14,22.8,21.77,akshare:index_option_1000index_qvix
2024-09-20,1000INDEX,20.96,22.36,22.7,20.96,akshare:index_option_1000index_qvix
2024-09-23,1000INDEX,22.2,22.31,22.38,21.82,akshare:index_option_1000index_qvix
2024-09-24,1000INDEX,22.33,22.29,22.96,21.21,akshare:index_option_1000index_qvix
2024-09-25,1000INDEX,21.96,23.37,26.95,21.85,akshare:index_option_1000index_qvix
2024-09-26,1000INDEX,26.34,22.44,26.5,21.92,akshare:index_option_1000index_qvix
2024-09-27,1000INDEX,27.67,28.64,33.18,27.51,akshare:index_option_1000index_qvix
2024-09-30,1000INDEX,19.32,30.67,42.13,15.06,akshare:index_option_1000index_qvix
2024-10-08,1000INDEX,16.73,16.73,16.73,16.73,akshare:index_option_1000index_qvix
2024-10-09,1000INDEX,43.57,51.14,51.14,41.25,akshare:index_option_1000index_qvix
2024-10-10,1000INDEX,40.37,43.8,45.8,39.57,akshare:index_option_1000index_qvix
2024-10-11,1000INDEX,42.01,40.29,42.16,37.19,akshare:index_option_1000index_qvix
2024-10-14,1000INDEX,36.01,42.87,42.87,36.01,akshare:index_option_1000index_qvix
2024-10-15,1000INDEX,27.67,28.64,33.18,27.51,akshare:index_option_1000index_qvix
2024-10-16,1000INDEX,32.65,33.78,34.81,32.17,akshare:index_option_1000index_qvix
2024-10-17,1000INDEX,32.65,33.78,34.81,32.17,akshare:index_option_1000index_qvix
2024-10-18,1000INDEX,37.21,32.69,44.15,32.56,akshare:index_option_1000index_qvix
2024-10-21,1000INDEX,32.65,33.78,34.81,32.17,akshare:index_option_1000index_qvix
2024-10-22,1000INDEX,36.32,37.57,38.14,36.27,akshare:index_option_1000index_qvix
2024-10-23,1000INDEX,35.04,36.7,37.41,35.02,akshare:index_option_1000index_qvix
2024-10-24,1000INDEX,33.36,35.16,35.16,32.76,akshare:index_option_1000index_qvix
2024-10-25,1000INDEX,36.356028571903856,36.356028571903856,36.356028571903856,36.356028571903856,sina:option_cffex_zz1000_daily_sina
2024-10-28,1000INDEX,33.04,33.91,34.51,33.0,akshare:index_option_1000index_qvix
2024-10-29,1000INDEX,32.53,33.57,33.76,32.5,akshare:index_option_1000index_qvix
2024-10-30,1000INDEX,33.12,32.73,33.72,32.61,akshare:index_option_1000index_qvix
2024-10-31,1000INDEX,33.75,33.4,34.15,33.11,akshare:index_option_1000index_qvix
2024-11-01,1000INDEX,36.26,34.12,36.45,34.12,akshare:index_option_1000index_qvix
2024-11-04,1000INDEX,32.65,33.78,34.81,32.17,akshare:index_option_1000index_qvix
2024-11-05,1000INDEX,37.21,32.69,44.15,32.56,akshare:index_option_1000index_qvix
2024-11-06,1000INDEX,32.65,33.78,34.81,32.17,akshare:index_option_1000index_qvix
2024-11-07,1000INDEX,36.32,37.57,38.14,36.27,akshare:index_option_1000index_qvix
2024-11-08,1000INDEX,35.04,36.7,37.41,35.02,akshare:index_option_1000index_qvix
2024-11-11,1000INDEX,28.21,28.56,28.56,28.21,akshare:index_option_1000index_qvix
2024-11-12,1000INDEX,29.01,29.11,29.54,28.02,akshare:index_option_1000index_qvix
2024-11-13,1000INDEX,28.69,29.36,29.73,28.69,akshare:index_option_1000index_qvix
2024-11-14,1000INDEX,28.77,28.28,29.29,28.18,akshare:index_option_1000index_qvix
2024-11-15,1000INDEX,29.85,29.72,31.06,28.73,akshare:index_option_1000index_qvix
2024-11-18,1000INDEX,32.26,30.26,32.67,30.11,akshare:index_option_1000index_qvix
2024-11-19,1000INDEX,31.65,32.45,33.61,30.97,akshare:index_option_1000index_qvix
2024-11-20,1000INDEX,30.92,31.9,32.04,30.61,akshare:index_option_1000index_qvix
2024-11-21,1000INDEX,29.9,30.82,31.12,29.86,akshare:index_option_1000index_qvix
2024-11-22,1000INDEX,31.68,30.06,31.85,29.87,akshare:index_option_1000index_qvix
2024-11-25,1000INDEX,32.02,32.39,32.88,31.92,akshare:index_option_1000index_qvix
2024-11-26,1000INDEX,32.09,32.39,32.81,31.79,akshare:index_option_1000index_qvix
2024-11-27,1000INDEX,30.14,32.49,33.31,30.05,akshare:index_option_1000index_qvix
2024-11-28,1000INDEX,30.16,30.41,30.72,29.87,akshare:index_option_1000index_qvix
2024-11-29,1000INDEX,29.16,30.4,30.87,29.02,akshare:index_option_1000index_qvix
2024-12-02,1000INDEX,29.61,30.07,30.31,29.12,akshare:index_option_1000index_qvix
2024-12-03,1000INDEX,29.41,29.74,30.32,29.09,akshare:index_option_1000index_qvix
2024-12-04,1000INDEX,30.21,29.77,30.91,29.77,akshare:index_option_1000index_qvix
2024-12-05,1000INDEX,29.88,30.56,30.64,29.68,akshare:index_option_1000index_qvix
2024-12-06,1000INDEX,30.652861253013707,30.652861253013707,30.652861253013707,30.652861253013707,sina:option_cffex_zz1000_daily_sina
2024-12-09,1000INDEX,32.00643873453855,32.00643873453855,32.00643873453855,32.00643873453855,sina:option_cffex_zz1000_daily_sina
2024-12-10,1000INDEX,27.53,28.16,28.18,27.24,akshare:index_option_1000index_qvix
2024-12-11,1000INDEX,29.54307869620457,29.54307869620457,29.54307869620457,29.54307869620457,sina:option_cffex_zz1000_daily_sina
2024-12-12,1000INDEX,26.54,27.17,27.58,26.26,akshare:index_option_1000index_qvix
2024-12-13,1000INDEX,26.89,27.06,27.67,26.75,akshare:index_option_1000index_qvix
2024-12-16,1000INDEX,26.76,27.71,28.05,26.63,akshare:index_option_1000index_qvix
2024-12-17,1000INDEX,27.21,26.95,27.33,26.14,akshare:index_option_1000index_qvix
2024-12-18,1000INDEX,27.76,27.74,27.81,26.98,akshare:index_option_1000index_qvix
2024-12-19,1000INDEX,27.94,28.29,28.63,27.74,akshare:index_option_1000index_qvix
2024-12-20,1000INDEX,26.85,28.2,28.2,26.61,akshare:index_option_1000index_qvix
2024-12-23,1000INDEX,28.95,27.77,29.48,26.82,akshare:index_option_1000index_qvix
2024-12-24,1000INDEX,28.23,28.95,29.11,28.07,akshare:index_option_1000index_qvix
2024-12-25,1000INDEX,28.19,28.16,29.28,28.16,akshare:index_option_1000index_qvix
2024-12-26,1000INDEX,26.9,28.54,28.54,26.74,akshare:index_option_1000index_qvix
2024-12-27,1000INDEX,25.98,27.09,27.17,25.6,akshare:index_option_1000index_qvix
2024-12-30,1000INDEX,26.5,26.85,27.04,26.15,akshare:index_option_1000index_qvix
2024-12-31,1000INDEX,27.55,26.79,27.98,26.78,akshare:index_option_1000index_qvix
2025-01-02,1000INDEX,27.36,27.42,30.39,27.36,akshare:index_option_1000index_qvix
2025-01-03,1000INDEX,27.36,27.42,30.39,27.36,akshare:index_option_1000index_qvix
2025-01-06,1000INDEX,29.85,30.36,31.2,29.85,akshare:index_option_1000index_qvix
2025-01-07,1000INDEX,27.37,30.04,30.29,27.33,akshare:index_option_1000index_qvix
2025-01-08,1000INDEX,27.21,27.7,28.11,26.97,akshare:index_option_1000index_qvix
2025-01-09,1000INDEX,27.02,27.74,27.74,26.98,akshare:index_option_1000index_qvix
2025-01-10,1000INDEX,27.02,27.74,27.74,26.98,akshare:index_option_1000index_qvix
2025-01-13,1000INDEX,28.33,28.31,29.18,28.11,akshare:index_option_1000index_qvix
2025-01-14,1000INDEX,29.76,28.56,29.79,27.55,akshare:index_option_1000index_qvix
2025-01-15,1000INDEX,29.76,28.56,29.79,27.55,akshare:index_option_1000index_qvix
2025-01-16,1000INDEX,28.68,28.88,28.98,27.89,akshare:index_option_1000index_qvix
2025-01-17,1000INDEX,28.93,28.91,29.87,28.65,akshare:index_option_1000index_qvix
2025-01-20,1000INDEX,29.89907140995514,29.89907140995514,29.89907140995514,29.89907140995514,sina:option_cffex_zz1000_daily_sina
2025-01-21,1000INDEX,28.8,29.47,29.5,28.39,akshare:index_option_1000index_qvix
2025-01-22,1000INDEX,28.83,29.04,30.13,28.6,akshare:index_option_1000index_qvix
2025-01-23,1000INDEX,27.97,29.23,29.4,27.63,akshare:index_option_1000index_qvix
2025-01-24,1000INDEX,26.88,28.21,28.35,26.63,akshare:index_option_1000index_qvix
2025-01-27,1000INDEX,26.77,27.62,27.79,26.77,akshare:index_option_1000index_qvix
2025-02-05,1000INDEX,27.15,29.09,29.09,26.64,akshare:index_option_1000index_qvix
2025-02-06,1000INDEX,26.12,27.32,27.37,25.67,akshare:index_option_1000index_qvix
2025-02-07,1000INDEX,25.92,26.27,26.78,25.41,akshare:index_option_1000index_qvix
2025-02-10,1000INDEX,27.12,26.88,27.45,26.66,akshare:index_option_1000index_qvix
2025-02-11,1000INDEX,25.36,25.61,25.69,25.12,akshare:index_option_1000index_qvix
2025-02-12,1000INDEX,26.03,26.7,26.88,25.62,akshare:index_option_1000index_qvix
2025-02-13,1000INDEX,25.47,26.35,26.37,25.33,akshare:index_option_1000index_qvix
2025-02-14,1000INDEX,25.01,25.66,25.69,24.85,akshare:index_option_1000index_qvix
2025-02-17,1000INDEX,25.79,25.96,26.27,25.44,akshare:index_option_1000index_qvix
2025-02-18,1000INDEX,25.07,25.8,25.94,24.83,akshare:index_option_1000index_qvix
2025-02-19,1000INDEX,24.9,25.48,25.71,24.82,akshare:index_option_1000index_qvix
2025-02-20,1000INDEX,25.04,25.23,25.74,24.91,akshare:index_option_1000index_qvix
2025-02-21,1000INDEX,24.81,25.29,25.54,24.71,akshare:index_option_1000index_qvix
2025-02-24,1000INDEX,25.40327802612323,25.40327802612323,25.40327802612323,25.40327802612323,sina:option_cffex_zz1000_daily_sina
2025-02-25,1000INDEX,25.44,25.53,26.15,25.33,akshare:index_option_1000index_qvix
2025-02-26,1000INDEX,25.95,25.67,25.97,25.23,akshare:index_option_1000index_qvix
2025-02-27,1000INDEX,25.7,26.22,26.28,25.26,akshare:index_option_1000index_qvix
2025-02-28,1000INDEX,25.62,25.71,26.2,25.62,akshare:index_option_1000index_qvix
2025-03-03,1000INDEX,25.4,26.23,26.6,25.13,akshare:index_option_1000index_qvix
2025-03-04,1000INDEX,24.81,25.29,25.54,24.71,akshare:index_option_1000index_qvix
2025-03-05,1000INDEX,25.45,25.83,25.94,25.17,akshare:index_option_1000index_qvix
2025-03-06,1000INDEX,25.21,26.1,26.1,24.88,akshare:index_option_1000index_qvix
2025-03-07,1000INDEX,24.95,25.2,25.74,24.64,akshare:index_option_1000index_qvix
2025-03-10,1000INDEX,25.63,26.03,26.09,25.63,akshare:index_option_1000index_qvix
2025-03-11,1000INDEX,25.21,26.1,26.1,24.88,akshare:index_option_1000index_qvix
2025-03-12,1000INDEX,25.62,26.25,26.37,25.6,akshare:index_option_1000index_qvix
2025-03-13,1000INDEX,25.23,25.73,25.89,25.17,akshare:index_option_1000index_qvix
2025-03-14,1000INDEX,24.92,25.32,25.57,24.92,akshare:index_option_1000index_qvix
2025-03-17,1000INDEX,25.59,25.93,26.0,25.32,akshare:index_option_1000index_qvix
2025-03-18,1000INDEX,25.63,25.52,25.64,25.16,akshare:index_option_1000index_qvix
2025-03-19,1000INDEX,25.27,25.8,25.8,25.17,akshare:index_option_1000index_qvix
2025-03-20,1000INDEX,25.36,25.61,25.69,25.12,akshare:index_option_1000index_qvix
2025-03-21,1000INDEX,24.62,25.4,25.4,24.48,akshare:index_option_1000index_qvix
2025-03-24,1000INDEX,23.16665487109182,23.16665487109182,23.16665487109182,23.16665487109182,sina:option_cffex_zz1000_daily_sina
2025-03-25,1000INDEX,25.62,26.25,26.37,25.6,akshare:index_option_1000index_qvix
2025-03-26,1000INDEX,22.47,23.17,23.17,22.42,akshare:index_option_1000index_qvix
2025-03-27,1000INDEX,22.35,22.65,23.05,22.19,akshare:index_option_1000index_qvix
2025-03-28,1000INDEX,22.4,22.64,22.84,22.32,akshare:index_option_1000index_qvix
2025-03-31,1000INDEX,23.22,23.33,24.08,23.16,akshare:index_option_1000index_qvix
2025-04-01,1000INDEX,22.72,23.47,23.47,22.58,akshare:index_option_1000index_qvix
2025-04-02,1000INDEX,22.57,22.89,22.92,22.31,akshare:index_option_1000index_qvix
2025-04-03,1000INDEX,23.03,23.38,23.77,22.87,akshare:index_option_1000index_qvix
2025-04-07,1000INDEX,27.61,27.3,34.0,26.65,akshare:index_option_1000index_qvix
2025-04-08,1000INDEX,26.92,33.54,33.66,24.08,akshare:index_option_1000index_qvix
2025-04-09,1000INDEX,27.46,24.14,28.93,23.47,akshare:index_option_1000index_qvix
2025-04-10,1000INDEX,26.32,27.81,27.81,26.14,akshare:index_option_1000index_qvix
2025-04-11,1000INDEX,27.97,29.23,29.4,27.63,akshare:index_option_1000index_qvix
2025-04-14,1000INDEX,25.04,26.62,26.62,24.77,akshare:index_option_1000index_qvix
2025-04-15,1000INDEX,23.74,24.19,24.3,23.74,akshare:index_option_1000index_qvix
2025-04-16,1000INDEX,24.26,24.36,24.47,23.81,akshare:index_option_1000index_qvix
2025-04-17,1000INDEX,24.18,24.22,24.59,23.77,akshare:index_option_1000index_qvix
2025-04-18,1000INDEX,25.0,24.0,25.0,24.0,akshare:index_option_1000index_qvix
2025-04-21,1000INDEX,24.13,24.64,24.64,23.58,akshare:index_option_1000index_qvix
2025-04-22,1000INDEX,24.06,24.24,24.52,23.94,akshare:index_option_1000index_qvix
2025-04-23,1000INDEX,23.78,24.32,24.45,23.78,akshare:index_option_1000index_qvix
2025-04-24,1000INDEX,23.93,24.27,24.36,23.93,akshare:index_option_1000index_qvix
2025-04-25,1000INDEX,23.68,24.11,24.23,23.61,akshare:index_option_1000index_qvix
2025-04-28,1000INDEX,23.79,24.27,24.46,23.79,akshare:index_option_1000index_qvix
2025-04-29,1000INDEX,23.6,24.21,24.25,23.5,akshare:index_option_1000index_qvix
2025-04-30,1000INDEX,24.23,23.87,24.24,23.53,akshare:index_option_1000index_qvix
2025-05-06,1000INDEX,21.99,24.62,24.62,21.84,akshare:index_option_1000index_qvix
2025-05-07,1000INDEX,22.15,23.3,23.3,22.11,akshare:index_option_1000index_qvix
2025-05-08,1000INDEX,21.46,22.22,22.22,21.33,akshare:index_option_1000index_qvix
2025-05-09,1000INDEX,21.74,21.71,21.89,21.52,akshare:index_option_1000index_qvix
2025-05-12,1000INDEX,22.98,22.49,22.98,21.94,akshare:index_option_1000index_qvix
2025-05-13,1000INDEX,21.83,22.41,22.66,21.78,akshare:index_option_1000index_qvix
2025-05-14,1000INDEX,21.83,22.41,22.66,21.78,akshare:index_option_1000index_qvix
2025-05-15,1000INDEX,22.19,22.37,22.71,22.18,akshare:index_option_1000index_qvix
2025-05-16,1000INDEX,23.22,23.33,24.08,23.16,akshare:index_option_1000index_qvix
2025-05-19,1000INDEX,21.22,22.14,22.14,20.98,akshare:index_option_1000index_qvix
2025-05-20,1000INDEX,21.33,21.42,21.5,20.9,akshare:index_option_1000index_qvix
2025-05-21,1000INDEX,21.21,21.37,21.44,20.93,akshare:index_option_1000index_qvix
2025-05-22,1000INDEX,22.03,21.37,22.2,21.21,akshare:index_option_1000index_qvix
2025-05-23,1000INDEX,22.37,22.35,22.98,21.62,akshare:index_option_1000index_qvix
2025-05-26,1000INDEX,22.25,23.0,23.0,22.17,akshare:index_option_1000index_qvix
2025-05-27,1000INDEX,21.71,22.48,22.52,21.69,akshare:index_option_1000index_qvix
2025-05-28,1000INDEX,22.05,21.78,22.18,21.73,akshare:index_option_1000index_qvix
2025-05-29,1000INDEX,20.96,22.13,22.13,20.96,akshare:index_option_1000index_qvix
2025-05-30,1000INDEX,20.48,21.32,21.32,20.48,akshare:index_option_1000index_qvix
2025-06-03,1000INDEX,20.74,21.34,21.34,20.68,akshare:index_option_1000index_qvix
2025-06-04,1000INDEX,20.84,21.01,21.01,20.61,akshare:index_option_1000index_qvix
2025-06-05,1000INDEX,20.93,20.98,21.2,20.75,akshare:index_option_1000index_qvix
2025-06-06,1000INDEX,20.72,21.18,21.22,20.72,akshare:index_option_1000index_qvix
2025-06-09,1000INDEX,20.78,21.49,21.49,20.66,akshare:index_option_1000index_qvix
2025-06-10,1000INDEX,20.58,21.01,21.04,20.2,akshare:index_option_1000index_qvix
2025-06-11,1000INDEX,20.6,20.74,20.96,20.48,akshare:index_option_1000index_qvix
2025-06-12,1000INDEX,20.98,20.74,21.15,20.64,akshare:index_option_1000index_qvix
2025-06-13,1000INDEX,21.0,21.22,21.59,20.99,akshare:index_option_1000index_qvix
2025-06-16,1000INDEX,20.74,21.63,21.66,20.73,akshare:index_option_1000index_qvix
2025-06-17,1000INDEX,21.27596780752817,21.27596780752817,21.27596780752817,21.27596780752817,sina:option_cffex_zz1000_daily_sina
2025-06-18,1000INDEX,21.11,20.73,21.18,20.62,akshare:index_option_1000index_qvix
2025-06-19,1000INDEX,20.63,21.38,21.41,20.62,akshare:index_option_1000index_qvix
2025-06-20,1000INDEX,20.22,20.94,20.94,19.98,akshare:index_option_1000index_qvix
2025-06-23,1000INDEX,20.93,20.98,21.2,20.75,akshare:index_option_1000index_qvix
2025-06-24,1000INDEX,20.08,20.07,20.19,19.65,akshare:index_option_1000index_qvix
2025-06-25,1000INDEX,21.0,21.22,21.59,20.99,akshare:index_option_1000index_qvix
2025-06-26,1000INDEX,20.93,22.35,22.35,20.93,akshare:index_option_1000index_qvix
2025-06-27,1000INDEX,19.99,21.26,21.8,19.99,akshare:index_option_1000index_qvix
2025-06-30,1000INDEX,20.66,20.91,21.11,20.45,akshare:index_option_1000index_qvix
2025-07-01,1000INDEX,20.56,20.76,20.86,20.19,akshare:index_option_1000index_qvix
2025-07-02,1000INDEX,19.95,20.71,20.71,19.92,akshare:index_option_1000index_qvix
2025-07-03,1000INDEX,20.03,20.29,20.3,19.82,akshare:index_option_1000index_qvix
2025-07-04,1000INDEX,20.56,20.76,20.86,20.19,akshare:index_option_1000index_qvix
2025-07-07,1000INDEX,21.26,20.98,21.4,20.88,akshare:index_option_1000index_qvix
2025-07-08,1000INDEX,21.7,21.39,21.82,20.99,akshare:index_option_1000index_qvix
2025-07-09,1000INDEX,21.92,22.05,22.66,21.79,akshare:index_option_1000index_qvix
2025-07-10,1000INDEX,21.77,22.12,22.28,21.72,akshare:index_option_1000index_qvix
2025-07-11,1000INDEX,21.74,22.08,22.75,21.56,akshare:index_option_1000index_qvix
2025-07-14,1000INDEX,22.12,22.53,22.63,22.02,akshare:index_option_1000index_qvix
2025-07-15,1000INDEX,21.46,22.41,22.48,21.33,akshare:index_option_1000index_qvix
2025-07-16,1000INDEX,21.16,21.55,21.61,20.78,akshare:index_option_1000index_qvix
2025-07-17,1000INDEX,20.89,21.08,21.26,20.67,akshare:index_option_1000index_qvix
2025-07-18,1000INDEX,20.6,21.01,21.41,20.49,akshare:index_option_1000index_qvix
2025-07-21,1000INDEX,20.89565094510021,20.89565094510021,20.89565094510021,20.89565094510021,sina:option_cffex_zz1000_daily_sina
2025-07-22,1000INDEX,22.1,22.07,22.21,21.82,akshare:index_option_1000index_qvix
2025-07-23,1000INDEX,22.6,22.31,23.25,22.16,akshare:index_option_1000index_qvix
2025-07-24,1000INDEX,22.8,23.0,23.0,22.4,akshare:index_option_1000index_qvix
2025-07-25,1000INDEX,23.29,23.21,23.5,23.09,akshare:index_option_1000index_qvix
2025-07-28,1000INDEX,23.46,23.9,23.99,23.11,akshare:index_option_1000index_qvix
2025-07-29,1000INDEX,23.38,23.43,23.62,23.22,akshare:index_option_1000index_qvix
2025-07-30,1000INDEX,23.04005533054169,23.04005533054169,23.04005533054169,23.04005533054169,sina:option_cffex_zz1000_daily_sina
2025-07-31,1000INDEX,22.99,23.53,23.67,22.85,akshare:index_option_1000index_qvix
2025-08-01,1000INDEX,22.11,23.08,23.17,22.05,akshare:index_option_1000index_qvix
2025-08-04,1000INDEX,22.21,22.44,22.86,22.19,akshare:index_option_1000index_qvix
2025-08-05,1000INDEX,22.33,22.39,22.44,21.91,akshare:index_option_1000index_qvix
2025-08-06,1000INDEX,22.49,22.48,22.54,22.17,akshare:index_option_1000index_qvix
2025-08-07,1000INDEX,23.07,22.59,23.11,22.59,akshare:index_option_1000index_qvix
2025-08-08,1000INDEX,22.86,23.01,23.08,22.73,akshare:index_option_1000index_qvix
2025-08-11,1000INDEX,23.27,23.26,23.27,22.47,akshare:index_option_1000index_qvix
2025-08-12,1000INDEX,23.26,23.06,23.31,22.8,akshare:index_option_1000index_qvix
2025-08-13,1000INDEX,22.99,23.53,23.67,22.85,akshare:index_option_1000index_qvix
2025-08-14,1000INDEX,22.66,23.06,23.13,22.66,akshare:index_option_1000index_qvix
2025-08-15,1000INDEX,21.75,22.68,22.84,21.69,akshare:index_option_1000index_qvix
2025-08-18,1000INDEX,28.670063719236904,28.670063719236904,28.670063719236904,28.670063719236904,sina:option_cffex_zz1000_daily_sina
2025-08-19,1000INDEX,27.54376617841641,27.54376617841641,27.54376617841641,27.54376617841641,sina:option_cffex_zz1000_daily_sina
2025-08-20,1000INDEX,29.150158440849196,29.150158440849196,29.150158440849196,29.150158440849196,sina:option_cffex_zz1000_daily_sina
2025-08-21,1000INDEX,28.79259853901852,28.79259853901852,28.79259853901852,28.79259853901852,sina:option_cffex_zz1000_daily_sina
2025-08-22,1000INDEX,25.65,26.77,26.81,25.59,akshare:index_option_1000index_qvix
2025-08-25,1000INDEX,25.83,25.93,26.96,25.83,akshare:index_option_1000index_qvix
2025-08-26,1000INDEX,26.19,26.47,26.8,25.93,akshare:index_option_1000index_qvix
2025-08-27,1000INDEX,25.3,26.32,26.71,25.3,akshare:index_option_1000index_qvix
2025-08-28,1000INDEX,26.38,26.33,27.06,26.01,akshare:index_option_1000index_qvix
2025-08-29,1000INDEX,26.25,26.8,27.49,26.22,akshare:index_option_1000index_qvix
2025-09-01,1000INDEX,26.68,27.0,27.14,26.35,akshare:index_option_1000index_qvix
2025-09-02,1000INDEX,26.87,26.84,27.48,26.55,akshare:index_option_1000index_qvix
2025-09-03,1000INDEX,26.04,27.12,27.63,26.02,akshare:index_option_1000index_qvix
2025-09-04,1000INDEX,26.38,25.95,27.91,25.89,akshare:index_option_1000index_qvix
2025-09-05,1000INDEX,25.12,26.43,26.58,24.65,akshare:index_option_1000index_qvix
2025-09-08,1000INDEX,25.72,26.28,26.37,25.63,akshare:index_option_1000index_qvix
2025-09-09,1000INDEX,25.12,26.43,26.58,24.65,akshare:index_option_1000index_qvix
2025-09-10,1000INDEX,24.29,25.48,25.48,24.29,akshare:index_option_1000index_qvix
2025-09-11,1000INDEX,24.42,24.77,25.41,24.42,akshare:index_option_1000index_qvix
2025-09-12,1000INDEX,24.54,24.7,25.3,24.51,akshare:index_option_1000index_qvix
2025-09-15,1000INDEX,25.79,25.27,25.79,25.2,akshare:index_option_1000index_qvix
2025-09-16,1000INDEX,26.33,25.39,26.54,25.33,akshare:index_option_1000index_qvix
2025-09-17,1000INDEX,27.9662140969324,27.9662140969324,27.9662140969324,27.9662140969324,sina:option_cffex_zz1000_daily_sina
2025-09-18,1000INDEX,27.295034424452624,27.295034424452624,27.295034424452624,27.295034424452624,sina:option_cffex_zz1000_daily_sina
2025-09-19,1000INDEX,25.88,26.2,27.0,25.65,akshare:index_option_1000index_qvix
2025-09-22,1000INDEX,26.57505926249976,26.57505926249976,26.57505926249976,26.57505926249976,sina:option_cffex_zz1000_daily_sina
2025-09-23,1000INDEX,26.33,25.39,26.54,25.33,akshare:index_option_1000index_qvix
2025-09-24,1000INDEX,24.88322509663636,24.88322509663636,24.88322509663636,24.88322509663636,sina:option_cffex_zz1000_daily_sina
2025-09-25,1000INDEX,24.99852796296293,24.99852796296293,24.99852796296293,24.99852796296293,sina:option_cffex_zz1000_daily_sina
2025-09-26,1000INDEX,24.702209649290747,24.702209649290747,24.702209649290747,24.702209649290747,sina:option_cffex_zz1000_daily_sina
2025-09-29,1000INDEX,24.70879403104957,24.70879403104957,24.70879403104957,24.70879403104957,sina:option_cffex_zz1000_daily_sina
2025-09-30,1000INDEX,22.66,23.06,23.13,22.66,akshare:index_option_1000index_qvix
2025-10-09,1000INDEX,22.99,23.53,23.67,22.85,akshare:index_option_1000index_qvix
2025-10-10,1000INDEX,23.59,24.04,24.52,23.34,akshare:index_option_1000index_qvix
2025-10-13,1000INDEX,26.21,28.29,28.29,24.95,akshare:index_option_1000index_qvix
2025-10-14,1000INDEX,26.57,26.35,27.12,24.93,akshare:index_option_1000index_qvix
2025-10-15,1000INDEX,24.85,25.95,26.44,24.19,akshare:index_option_1000index_qvix
2025-10-16,1000INDEX,24.85,25.95,26.44,24.19,akshare:index_option_1000index_qvix
2025-10-17,1000INDEX,27.0,25.75,27.0,25.2,akshare:index_option_1000index_qvix
2025-10-20,1000INDEX,25.72914345368779,25.72914345368779,25.72914345368779,25.72914345368779,sina:option_cffex_zz1000_daily_sina
2025-10-21,1000INDEX,24.138013318222047,24.138013318222047,24.138013318222047,24.138013318222047,sina:option_cffex_zz1000_daily_sina
2025-10-22,1000INDEX,25.65,26.77,26.81,25.59,akshare:index_option_1000index_qvix
2025-10-23,1000INDEX,24.44,24.97,25.59,24.35,akshare:index_option_1000index_qvix
2025-10-24,1000INDEX,23.66,24.42,24.44,23.66,akshare:index_option_1000index_qvix
2025-10-27,1000INDEX,23.32870598911916,23.32870598911916,23.32870598911916,23.32870598911916,sina:option_cffex_zz1000_daily_sina
2025-10-28,1000INDEX,23.74,24.08,24.23,23.58,akshare:index_option_1000index_qvix
2025-10-29,1000INDEX,23.766716843786,23.766716843786,23.766716843786,23.766716843786,sina:option_cffex_zz1000_daily_sina
2025-10-30,1000INDEX,23.71274518849771,23.71274518849771,23.71274518849771,23.71274518849771,sina:option_cffex_zz1000_daily_sina
2025-10-31,1000INDEX,24.05,24.06,24.37,23.99,akshare:index_option_1000index_qvix
2025-11-03,1000INDEX,24.09,24.72,24.72,23.96,akshare:index_option_1000index_qvix
2025-11-04,1000INDEX,24.02,24.23,24.56,24.01,akshare:index_option_1000index_qvix
2025-11-05,1000INDEX,24.04,23.97,24.83,23.97,akshare:index_option_1000index_qvix
2025-11-06,1000INDEX,22.540507229714933,22.540507229714933,22.540507229714933,22.540507229714933,sina:option_cffex_zz1000_daily_sina
2025-11-07,1000INDEX,23.27,23.34,23.6,23.15,akshare:index_option_1000index_qvix
2025-11-10,1000INDEX,23.524423479334967,23.524423479334967,23.524423479334967,23.524423479334967,sina:option_cffex_zz1000_daily_sina
2025-11-11,1000INDEX,23.71,23.46,23.94,23.37,akshare:index_option_1000index_qvix
2025-11-12,1000INDEX,24.23,24.0,24.42,23.83,akshare:index_option_1000index_qvix
2025-11-13,1000INDEX,23.42,23.7,23.8,23.15,akshare:index_option_1000index_qvix
2025-11-14,1000INDEX,22.94,23.56,23.63,22.91,akshare:index_option_1000index_qvix
2025-11-17,1000INDEX,22.62533438912965,22.62533438912965,22.62533438912965,22.62533438912965,sina:option_cffex_zz1000_daily_sina
2025-11-18,1000INDEX,22.85,22.94,23.5,22.7,akshare:index_option_1000index_qvix
2025-11-19,1000INDEX,22.56,23.17,23.28,22.45,akshare:index_option_1000index_qvix
2025-11-20,1000INDEX,22.4,22.59,22.73,22.2,akshare:index_option_1000index_qvix
2025-11-21,1000INDEX,23.64,23.35,25.56,23.07,akshare:index_option_1000index_qvix
2025-11-24,1000INDEX,17.83,18.46,16.98,17.12,akshare:index_option_1000index_qvix
2025-11-25,1000INDEX,23.42,23.7,23.8,23.15,akshare:index_option_1000index_qvix
2025-11-26,1000INDEX,23.07,22.59,23.11,22.59,akshare:index_option_1000index_qvix
2025-11-27,1000INDEX,20.72501200001488,20.72501200001488,20.72501200001488,20.72501200001488,sina:option_cffex_zz1000_daily_sina
2025-11-28,1000INDEX,19.90114702381612,19.90114702381612,19.90114702381612,19.90114702381612,sina:option_cffex_zz1000_daily_sina
2025-12-01,1000INDEX,20.151104888719704,20.151104888719704,20.151104888719704,20.151104888719704,sina:option_cffex_zz1000_daily_sina
2025-12-02,1000INDEX,20.209830783476004,20.209830783476004,20.209830783476004,20.209830783476004,sina:option_cffex_zz1000_daily_sina
2025-12-03,1000INDEX,20.12288078394895,20.12288078394895,20.12288078394895,20.12288078394895,sina:option_cffex_zz1000_daily_sina
2025-12-04,1000INDEX,20.56,20.76,20.86,20.19,akshare:index_option_1000index_qvix
2025-12-05,1000INDEX,21.1,21.75,21.92,21.03,akshare:index_option_1000index_qvix
2025-12-08,1000INDEX,21.95,21.86,22.22,21.23,akshare:index_option_1000index_qvix
2025-12-09,1000INDEX,21.54,21.75,22.2,21.37,akshare:index_option_1000index_qvix
2025-12-10,1000INDEX,22.1,22.07,22.21,21.82,akshare:index_option_1000index_qvix
2025-12-11,1000INDEX,16.57,16.66,19.66,16.24,akshare:index_option_1000index_qvix
2025-12-12,1000INDEX,17.92,17.84,18.76,16.26,akshare:index_option_1000index_qvix
2025-12-15,1000INDEX,18.98,17.58,19.57,17.33,akshare:index_option_1000index_qvix
2025-12-16,1000INDEX,16.19,18.86,18.86,14.65,akshare:index_option_1000index_qvix
2025-12-17,1000INDEX,17.06,16.45,18.43,14.72,akshare:index_option_1000index_qvix
2025-12-18,1000INDEX,17.78,16.77,18.3,16.06,akshare:index_option_1000index_qvix
2025-12-19,1000INDEX,14.5,14.05,15.17,12.49,akshare:index_option_1000index_qvix
2025-12-22,1000INDEX,17.69,14.12,17.81,13.65,akshare:index_option_1000index_qvix
2025-12-23,1000INDEX,17.22,17.57,17.7,15.88,akshare:index_option_1000index_qvix
2025-12-24,1000INDEX,15.87,17.79,18.69,15.44,akshare:index_option_1000index_qvix
2025-12-25,1000INDEX,15.53,16.77,16.77,13.0,akshare:index_option_1000index_qvix
2025-12-26,1000INDEX,11.76,14.45,14.45,9.57,akshare:index_option_1000index_qvix
2025-12-29,1000INDEX,14.08,13.53,15.67,12.23,akshare:index_option_1000index_qvix
2025-12-30,1000INDEX,14.38,13.64,15.13,12.4,akshare:index_option_1000index_qvix
2025-12-31,1000INDEX,16.84,14.71,17.48,14.68,akshare:index_option_1000index_qvix
2026-01-05,1000INDEX,22.4,22.59,22.73,22.2,akshare:index_option_1000index_qvix
2026-01-06,1000INDEX,23.64,23.35,25.56,23.07,akshare:index_option_1000index_qvix
2026-01-07,1000INDEX,17.83,18.46,16.98,17.12,akshare:index_option_1000index_qvix
2026-01-08,1000INDEX,23.42,23.7,23.8,23.15,akshare:index_option_1000index_qvix
2026-01-09,1000INDEX,17.83,18.46,16.98,17.12,akshare:index_option_1000index_qvix
2026-01-12,1000INDEX,27.243210338246936,27.243210338246936,27.243210338246936,27.243210338246936,sina:option_cffex_zz1000_daily_sina
2026-01-13,1000INDEX,25.79074809748944,25.79074809748944,25.79074809748944,25.79074809748944,sina:option_cffex_zz1000_daily_sina
2026-01-14,1000INDEX,25.930375151921886,25.930375151921886,25.930375151921886,25.930375151921886,sina:option_cffex_zz1000_daily_sina
2026-01-15,1000INDEX,24.774451438858662,24.774451438858662,24.774451438858662,24.774451438858662,sina:option_cffex_zz1000_daily_sina
2026-01-16,1000INDEX,21.679787855919763,21.679787855919763,21.679787855919763,21.679787855919763,sina:option_cffex_zz1000_daily_sina
2026-01-19,1000INDEX,20.60380294888533,20.60380294888533,20.60380294888533,20.60380294888533,sina:option_cffex_zz1000_daily_sina
2026-01-20,1000INDEX,19.52461730916163,19.52461730916163,19.52461730916163,19.52461730916163,sina:option_cffex_zz1000_daily_sina
2026-01-21,1000INDEX,19.933708262903007,19.933708262903007,19.933708262903007,19.933708262903007,sina:option_cffex_zz1000_daily_sina
2026-01-22,1000INDEX,20.325145673678108,20.325145673678108,20.325145673678108,20.325145673678108,sina:option_cffex_zz1000_daily_sina
2026-01-23,1000INDEX,23.0665070764625,23.0665070764625,23.0665070764625,23.0665070764625,sina:option_cffex_zz1000_daily_sina
2026-01-26,1000INDEX,24.66715858216255,24.66715858216255,24.66715858216255,24.66715858216255,sina:option_cffex_zz1000_daily_sina
2026-01-27,1000INDEX,24.833649515758523,24.833649515758523,24.833649515758523,24.833649515758523,sina:option_cffex_zz1000_daily_sina
2026-01-28,1000INDEX,25.13336869730133,25.13336869730133,25.13336869730133,25.13336869730133,sina:option_cffex_zz1000_daily_sina
2026-01-29,1000INDEX,24.3428120534953,24.3428120534953,24.3428120534953,24.3428120534953,sina:option_cffex_zz1000_daily_sina
2026-01-30,1000INDEX,25.44666281979877,25.44666281979877,25.44666281979877,25.44666281979877,sina:option_cffex_zz1000_daily_sina
2026-02-02,1000INDEX,33.64417326131524,33.64417326131524,33.64417326131524,33.64417326131524,sina:option_cffex_zz1000_daily_sina
2026-02-03,1000INDEX,27.0025109007112,27.0025109007112,27.0025109007112,27.0025109007112,sina:option_cffex_zz1000_daily_sina
2026-02-04,1000INDEX,25.91815019204104,25.91815019204104,25.91815019204104,25.91815019204104,sina:option_cffex_zz1000_daily_sina
2026-02-05,1000INDEX,27.125961012370915,27.125961012370915,27.125961012370915,27.125961012370915,sina:option_cffex_zz1000_daily_sina
2026-02-06,1000INDEX,27.852789965526885,27.852789965526885,27.852789965526885,27.852789965526885,sina:option_cffex_zz1000_daily_sina
2026-02-09,1000INDEX,27.09479217014056,27.09479217014056,27.09479217014056,27.09479217014056,sina:option_cffex_zz1000_daily_sina
2026-02-10,1000INDEX,17.83,18.46,16.98,17.12,akshare:index_option_1000index_qvix
2026-02-11,1000INDEX,17.83,18.46,16.98,17.12,akshare:index_option_1000index_qvix
2026-02-12,1000INDEX,25.66900063795621,25.66900063795621,25.66900063795621,25.66900063795621,sina:option_cffex_zz1000_daily_sina
2026-02-13,1000INDEX,27.49323118317265,27.49323118317265,27.49323118317265,27.49323118317265,sina:option_cffex_zz1000_daily_sina
2026-02-24,1000INDEX,17.83,18.46,16.98,17.12,akshare:index_option_1000index_qvix
2026-02-25,1000INDEX,23.64783017428722,23.64783017428722,23.64783017428722,23.64783017428722,sina:option_cffex_zz1000_daily_sina
2026-02-26,1000INDEX,22.1,22.07,22.21,21.82,akshare:index_option_1000index_qvix
2026-02-27,1000INDEX,23.181737783902072,23.181737783902072,23.181737783902072,23.181737783902072,sina:option_cffex_zz1000_daily_sina
2026-03-02,1000INDEX,24.05518152865133,24.05518152865133,24.05518152865133,24.05518152865133,sina:option_cffex_zz1000_daily_sina
2026-03-03,1000INDEX,27.01085376047017,27.01085376047017,27.01085376047017,27.01085376047017,sina:option_cffex_zz1000_daily_sina
2026-03-04,1000INDEX,27.442631098628794,27.442631098628794,27.442631098628794,27.442631098628794,sina:option_cffex_zz1000_daily_sina
2026-03-05,1000INDEX,24.856105771180665,24.856105771180665,24.856105771180665,24.856105771180665,sina:option_cffex_zz1000_daily_sina
2026-03-06,1000INDEX,24.08204446296864,24.08204446296864,24.08204446296864,24.08204446296864,sina:option_cffex_zz1000_daily_sina
2026-03-09,1000INDEX,26.25404078330609,26.25404078330609,26.25404078330609,26.25404078330609,sina:option_cffex_zz1000_daily_sina
2026-03-10,1000INDEX,24.524740154094804,24.524740154094804,24.524740154094804,24.524740154094804,sina:option_cffex_zz1000_daily_sina
2026-03-11,1000INDEX,17.83,18.46,16.98,17.12,akshare:index_option_1000index_qvix
2026-03-12,1000INDEX,25.84767170651261,25.84767170651261,25.84767170651261,25.84767170651261,sina:option_cffex_zz1000_daily_sina
2026-03-13,1000INDEX,17.83,18.46,16.98,17.12,akshare:index_option_1000index_qvix
2026-03-16,1000INDEX,25.88433210302934,25.88433210302934,25.88433210302934,25.88433210302934,sina:option_cffex_zz1000_daily_sina
2026-03-17,1000INDEX,26.335604701310217,26.335604701310217,26.335604701310217,26.335604701310217,sina:option_cffex_zz1000_daily_sina
2026-03-18,1000INDEX,24.875265370227368,24.875265370227368,24.875265370227368,24.875265370227368,sina:option_cffex_zz1000_daily_sina
2026-03-19,1000INDEX,26.692574806866848,26.692574806866848,26.692574806866848,26.692574806866848,sina:option_cffex_zz1000_daily_sina
2026-03-20,1000INDEX,26.77034453272229,26.77034453272229,26.77034453272229,26.77034453272229,sina:option_cffex_zz1000_daily_sina
2026-03-23,1000INDEX,33.038290362803934,33.038290362803934,33.038290362803934,33.038290362803934,sina:option_cffex_zz1000_daily_sina
2026-03-24,1000INDEX,29.18256186768326,29.18256186768326,29.18256186768326,29.18256186768326,sina:option_cffex_zz1000_daily_sina
2026-03-25,1000INDEX,27.06903483992064,27.06903483992064,27.06903483992064,27.06903483992064,sina:option_cffex_zz1000_daily_sina
2026-03-26,1000INDEX,28.29875886123276,28.29875886123276,28.29875886123276,28.29875886123276,sina:option_cffex_zz1000_daily_sina
2026-03-27,1000INDEX,27.799882757762802,27.799882757762802,27.799882757762802,27.799882757762802,cffex:quote_MO.txt
